ID,GID,Name,NWLD,%USED,%RUN,%SYS,%WAIT,%IDLE,%OVRLP,%CSTP,%MLMTD,%SWPWT,%RDY
1,1,system,280,2.75,3.72,0.04,27779.63,0,1.12,1.003044472,0,1.170060533,200
10,10,drivers,13,0,0,0,1299.92,0,0,2.465490348,0,1.016984271,0.09
11,11,ft,1,0,0,0,99.93,0,0,0.356267445,0,3.495305764,0.07
12,12,vmotion,1,0,0,0,100,0,0,1.293634433,0,3.784312131,0
491,491,init.65678,1,0,0,0,99.95,0,0,0.722928757,0,2.332225446,0.01
731,731,sleep.65694,1,0,0,0,99.95,0,0,2.302913223,0,0.067412175,0
1028,1028,vmsyslogd.65727,1,0,0,0,99.95,0,0,2.007305081,0,1.940044478,0
1037,1037,vmsyslogd.65728,6,0.8,0.75,0.1,598.72,0,0.06,0.545006917,0,5.940563163,0.22
1109,1109,sh.65740,1,0,0,0,99.95,0,0,2.807551574,0,1.157232858,0
1199,1199,vobd.65750,23,0.01,0.01,0,2298.71,0,0,1.71286675,0,3.669506871,0.01
1393,1393,sh.65798,1,0,0,0,99.94,0,0,0.630520544,0,3.454736685,0
1474,1474,vmkeventd.65807,1,0,0,0,99.94,0,0,1.832111143,0,3.484848982,0
1547,1547,keypersist.65814,1,0,0,0,99.93,0,0,2.603762308,0,1.45819773,0
1565,1565,keypersist.65816,2,0,0,0,199.85,0,0,0.448212076,0,3.635639986,0
1806,1806,vmkdevmgr.65902,1,0,0,0,99.92,0,0,2.23509259,0,0.682327057,0
1999,1999,sh.65987,1,0,0,0,99.92,0,0,2.534074025,0,3.735932985,0
2089,2089,net-lacp.65997,3,0.02,0.02,0,299.73,0,0,2.515541914,0,3.522971019,0.03
2151,2151,busybox.66012,1,0.12,0,0.11,99.92,0,0,1.906021332,0,2.535225423,0
2280,2280,sh.66029,1,0,0,0,99.92,0,0,0.942815687,0,0.583582724,0
2364,2364,kmxa.66041,14,0,0,0,1398.91,0,0,0.084426354,0,2.528527254,0
2462,2462,busybox.66075,1,0,0,0,99.92,0,0,2.035574793,0,0.148766543,0
3497,3497,sh.66210,1,0,0,0,99.92,0,0,0.279003513,0,0.154830893,0
3759,3759,swapobjd.66239,1,0,0,0,99.92,0,0,2.258222509,0,4.293676023,0
3994,3994,sh.66265,1,0,0,0,99.92,0,0,0.702031326,0,3.602860808,0
4084,4084,ioFilterVPServer.66275,2,0,0,0,199.84,0,0,1.445778096,0,4.239860691,0
4507,4507,sh.66323,1,0,0,0,99.92,0,0,0.922981616,0,3.883768461,0
4660,4660,vmware-usbarbitrator.66340,1,0,0,0,99.92,0,0,2.46376336,0,1.742915781,0
5084,5084,sh.66387,1,0,0,0,99.92,0,0,1.282661211,0,1.986201648,0
5282,5282,sh.66409,1,0,0,0,99.92,0,0,1.457966167,0,0.141456686,0
5345,5345,hostdCgiServer.66416,12,0.02,0.02,0,1198.96,0,0,2.499352749,0,4.09674367,0.1
5462,5462,rhttpproxy.66429,20,0,0,0,1998.46,0,0,2.981181624,0,3.339348434,0.01
5608,5608,sh.66457,1,0,0,0,99.92,0,0,2.2982344,0,1.953658396,0
5644,5644,sh.66461,1,0,0,0,99.92,0,0,0.93548872,0,3.134313567,0
5896,5896,apiForwarder.66489,9,0,0,0,899.33,0,0,1.452107617,0,1.358106195,0
5905,5905,esxtokend.66490,9,0,0,0,899.32,0,0,1.552969942,0,4.398070122,0
6040,6040,sh.66521,1,0,0,0,99.93,0,0,0.236434896,0,1.469487874,0
6265,6265,storageRM.66546,1,0,0,0,99.85,0,0,1.205929182,0,4.792957201,0.07
6427,6427,sh.66564,1,0,0,0,99.93,0,0,0.732728693,0,2.746743358,0
6625,6625,sdrsInjector.66586,1,0,0,0,99.93,0,0,0.168889065,0,0.459995023,0
7039,7039,sh.66632,1,0,0,0,99.93,0,0,1.491668537,0,0.53366075,0
7348,7348,net-lbt.66676,1,0,0,0,99.92,0,0,0.122444642,0,2.179194684,40
9553,9553,sh.66932,1,0,0,0,99.92,0,0,2.989919301,0,2.385936655,0
9679,9679,hostd.66946,25,0.09,0.09,0,2497.55,0,0,0.242519019,0,1.501190055,0.18
12488,12488,slpd.67315,1,0,0,0,99.89,0,0,2.713659113,0,0.398585523,0
12623,12623,sh.67330,1,0,0,0,99.89,0,0,2.978551522,0,0.622827168,0
12758,12758,nscd.67345,6,0,0,0,599.32,0,0,0.121551922,0,0.50217909,0.03
12855,12855,sh.67363,1,0,0,0,99.89,0,0,2.277910218,0,3.251663748,0
13026,13026,sh.67382,1,0,0,0,99.89,0,0,1.401944552,0,4.635097182,0
13053,13053,sh.67385,1,0,0,0,99.89,0,0,2.757048566,0,2.177633323,0
13161,13161,dcbd.67397,1,0.04,0.04,0,99.85,0,0,1.10392975,0,4.779522084,0.01
13287,13287,nicmgmtd.67411,1,0,0,0,99.89,0,0,2.291487029,0,0.920287183,0
13296,13296,net-cdp.67412,1,0,0,0,99.89,0,0,5.648990005,0,23.95850512,0
13467,13467,sh.67431,1,0,0,0,99.89,0,0,2.712504086,0,2.923797257,0
13485,13485,sh.67433,1,0,0,0,99.89,0,0,2.462369047,0,4.686003936,0
13665,13665,smartd.67453,1,0,0,0,99.89,0,0,0.902990937,0,1.294517947,60
13674,13674,lsud.67454,1,0,0,0,99.89,0,0,1.984972299,0,1.021006791,0
13953,13953,sh.67494,1,0,0,0,99.89,0,0,1.648298875,0,1.673968687,0
14088,14088,settingsd.67509,2,0,0,0,199.78,0,0,1.600689799,0,0.695939677,0.01
14232,14232,sh.67527,1,0,0,0,99.89,0,0,9.785879339,0,5.938255283,25
14349,14349,vpxa.67540,33,0.03,0.03,0,3296.33,0,0,3.360422706,0,0.196300741,0.04
17765,17765,sh.67951,1,0,0,0,99.94,0,0,0.664208874,0,4.35390949,0
17896,17896,vmtoolsd.67965,3,0.11,0.11,0,299.64,0,0,1.643679159,0,4.712892247,0.06
24791,24791,sh.68758,1,0,0,0,99.92,0,0,0.22303328,0,1.015637538,0
24800,24800,dcui.68759,2,0,0,0,199.85,0,0,1.092016237,0,3.300041202,0
25088,25088,hostd-probe.68815,8,0.02,0.02,0,799.37,0,0,0.741300254,0,5.687195906,0.02
25790,25790,android,8,0.63,0.59,0.02,798.52,99.21,0,0.022703481,0,1.827332897,0.29
25808,25808,VM1,10,94.98,95.54,0,899,94.96,0.32,0.073246814,0,3.619426088,4.68
26645,26645,VM.trial,10,92.1,92.69,0,898.98,94.93,0.16,3.531200034,0,0.837474173,7.43
28382,28382,sshd.69252,0,0,0,0,0,0,0,1.183340279,0,4.565350688,0
28427,28427,sh.69257,0,0,0,0,0,0,0,0.119546373,0,4.74163354,0
28490,28490,sshd.69264,1,1.67,1.69,0,97.44,0,0.03,1.36439359,0,2.924876781,0.76
28499,28499,esxtop.69265,0,0,0,0,0,0,0,1.648858263,0,5.150323147,0
28544,28544,sh.69270,1,0,0,0,99.89,0,0,2.031278545,0,3.065590678,0
28607,28607,esxtop.69277,1,2.17,2.04,0,95.27,0,0.01,0.34671156,0,2.041078231,120
17343,17343,radwdkodos,182,16.41,0.91,0.5,45.47,0,0,0.88,0,3.35,7.53
29690,29690,eoledtgioe,157,5.4,0.08,0.16,184.2,0,0,7.1,0,7.55,8.39
10650,10650,xxmudliklx,140,9.47,1.97,1.51,236.75,0,0,9.56,0,7.58,3.2
24392,24392,accjuttfml,290,8.84,0.27,1.63,239.86,0,0,8.08,1,1.71,50
2681,2681,ycsaouffgf,32,6.21,0,1.36,27.79,0,0,4.53,0,0,7.7
22522,22522,nlvobcmeqn,130,1.94,0.5,1.27,265.23,0,0,2.85,0,0.2,4.9
19533,19533,jyrcogorwp,23,9.98,0.16,0.72,93.13,0,0,2.73,0,6.14,114
7585,7585,lxgrhrjobd,284,19.09,0.06,1.63,47.79,0,0,7.58,0,0,3.77
5103,5103,qutbvggmyd,291,1.04,0.87,1.92,52.41,0,0,2.47,0,0.36,9.25
22088,22088,gsydfqottp,159,15.89,0.46,1.57,253.51,0,0,7.98,0,2.61,3.45
2691,2691,icuefetjuu,282,19.67,1.46,1.94,36.74,0,0,2.68,0,0,4.22
14346,14346,rextraddam,157,24.93,0.85,0.91,263.71,0,0,2.42,0,0.39,133
3380,3380,kxnntxxplw,70,25.56,0.49,0.6,160.76,0,0,2.98,0,0.25,7.82
21641,21641,qaqijjnpwg,26,26.95,1.84,1.91,116.32,0,0,2.11,0,4.06,4.35
31715,31715,igvckyzxgm,213,7.33,1.66,1.98,169.41,0,0,2.12,0,0,6.65
16743,16743,lrthfaztlt,13,14.3,0.36,1.03,88.02,0,0,0.7,0,5.42,2.06
30666,30666,dtjyrwobph,289,28.58,1.11,1.55,178.33,0,0,1.9,0,3.71,2.55
5646,5646,mwirqwgqoy,143,19.21,1.24,0.61,239.81,0,0,1.32,0,4.97,2.87
13015,13015,fbltwkkmjb,206,15.92,1.16,0.35,166.58,0,0,2.87,0,1.05,5.48
4101,4101,enykpmgzqc,215,8.38,1.53,0.01,267.61,0,0,2.19,0,4.09,192
11587,11587,bluxnsetuq,2,19.1,0.53,1.05,86.87,0,0,2.98,0,7.44,2.99
34479,34479,pxrzzhogsv,11,6.61,1.92,1.49,280.51,0,0,2.75,0,1.33,2.34
15010,15010,tbvqdmecyx,35,4.11,0.29,0.04,41.95,0,0,2.55,0,3.3,7.93
32300,32300,nejmdrbbbf,247,22.7,0.08,0.03,233.71,0,0,0,0,2.53,108
27354,27354,vnuajqrjow,73,16.47,0.48,0.25,88.92,0,0,5.93,0,0.43,5.31
11725,11725,wfapngupag,299,7.21,1,1.64,264.48,0,0,2.18,0,6.41,2.59
12258,12258,jlbokkjlol,133,23.41,0.51,1.15,255.12,0,0,1.44,0,4.11,4.21
16579,16579,pfvplhhqsq,17,19.36,1,0.52,162.71,0,0,0.85,0,2.4,2.25
1440,1440,vzeiyyfkfj,163,15.15,1.98,1.09,99,0,0,5.51,0,3.55,9
20305,20305,dnizpcosqh,5,18.8,1.47,0.5,115.15,0,0,1.05,0,2.17,123
32353,32353,zaxtdrrxqc,158,1.76,0.83,1.71,78.06,0,0,1.93,1,4.54,3.85
1363,1363,pfatlqzlhb,130,27.6,1.14,0.89,220.42,0,0,2.52,0,5.22,135
8942,8942,rfydjsiuam,177,21.51,0.95,0.95,169.49,0,0,2.87,0,1.34,99
9956,9956,vqklkqswxl,233,12.67,1.74,1.1,162.61,0,0,1.18,0,4.64,178
1338,1338,wgigyqgrmj,193,16.06,0.83,0.39,74.89,0,0,7.24,0,0,9.01
26681,26681,vmkusldldv,271,25.15,1.46,1.4,255.13,0,0,1.07,0,0,3.75
18325,18325,ycqqexsjoh,228,20.46,1.46,0.8,68.65,0,0,1.34,0,3.92,4.7
22388,22388,tfaothqnnr,71,25.4,0.2,1.68,113.52,0,0,2.59,0,3.07,6.33
8896,8896,qysrapreaq,278,28.9,1.62,0.26,194.88,0,0,6.99,0,1.46,3.59
26133,26133,twlezkhhmv,165,21.78,1.86,1.21,128.44,0,0,0,1,1.1,2.83
2981,2981,uhiespfpcv,263,14.87,1.86,1.16,107.36,0,0,1.42,0,4.37,3.07
30323,30323,qxjhxgrggh,118,20.7,1.07,0.54,252.56,0,0,7.11,0,7.9,4.59
17115,17115,hgxonynxtz,251,26.8,1.11,0.05,95.87,0,0,1.65,0,1.52,9.1
33956,33956,dnisynyojj,74,4.04,0.69,0.1,61.82,0,0,2.96,0,7.73,6.83
17843,17843,bnvbsxpuus,119,5.82,0.88,0.01,137.55,0,0,6.35,0,1.52,4.89
33782,33782,aphdqrezya,242,10.39,0.9,1.75,199.88,0,0,4.17,0,0,6.32
26283,26283,vnlxhjtpvx,100,7.91,0.5,1.41,42.94,0,0,1.34,0,4.54,8.98
23073,23073,vvqthdleth,47,19.6,1,0.97,53.1,0,0,7.86,0,0.33,6.37
13262,13262,zmzuwtelru,150,28.73,0.73,1.16,280.11,0,0,3.6,0,0.99,6.78
20427,20427,dotfkvvnzu,4,21.13,0.05,1.54,36.82,0,0,1.29,0,4.2,3.37
11541,11541,nidpqvjris,126,10.59,1.63,0.81,157.34,0,0,2.59,0,0.98,49
16035,16035,ftnkaghfza,16,10.66,0.64,1.19,196.97,0,0,0.91,0,0.97,8.78
19763,19763,gqlnnekaxu,238,8.45,0.73,0.4,210.22,0,0,1.98,0,3.35,7.5
3136,3136,dflitkkfoi,261,19.38,1.59,0.72,69.87,0,0,2.24,0,2.59,3.61
19537,19537,pusmzmlalh,4,28.66,1.82,1.06,26.2,0,0,0,0,0.22,5.92
2902,2902,byqpaunfwa,17,17.41,1.07,1.7,82.35,0,0,0,0,4.91,3.93
5269,5269,sxawzenglt,25,20.74,1.81,1.41,99.93,0,0,7.96,0,3.95,4.77
11407,11407,zpkjnywqir,219,14.76,1.61,0.21,45.27,0,0,2.43,0,0,6.75
23176,23176,mndyrsobra,177,19.2,1.22,0.33,136.28,0,0,1.66,0,2.05,9.62
3970,3970,vftkihwtgv,217,4.28,1.16,0.22,38.11,0,0,1.56,0,1.53,6.88
26784,26784,fzxngwdgud,149,20.27,1.19,1.1,114.14,0,0,1.33,0,0.45,6.74
25124,25124,iusppbubut,227,15.54,0,1.24,115.46,0,0,2.78,0,4.93,9.17
23595,23595,irpsxebxkp,300,20.4,1.46,1.92,158.23,0,0,2.92,0,6.18,6.89
13034,13034,rdnztyynms,24,4.31,0.28,1.87,15.53,0,0,0,0,2.25,51
830,830,pvazhtkffa,130,0.19,0.44,0.12,190.51,0,0,0,0,0,4.4
16339,16339,swoyrasglr,216,10.28,1.91,1.65,45.16,0,0,9.99,0,0.38,2.37
28018,28018,fzcymgyhpo,84,1.36,0.68,0.2,19.27,0,0,6.19,0,0,2.1
10255,10255,gpfijvlthx,105,25.78,1.41,1.83,28.75,0,0,1.52,0,0,7.89
29765,29765,goeblpakrq,230,16.42,1.7,1.15,73.02,0,0,1.62,0,4.6,41
15021,15021,bzxqtdpqnx,13,23.77,1.86,1.29,159.19,0,0,1.47,0,4.56,4.48
26382,26382,bhpmsvwrgo,16,6.79,0.51,1.81,187.65,0,0,9.69,0,1.19,8.48
5242,5242,bnfzoolvte,228,16.34,0.25,1.99,92.37,0,0,2.23,0,5.37,143
1197,1197,vdcmrvejwn,113,16.38,1.24,1.89,187.03,0,0,0.54,1,0.59,65
27513,27513,vrtmspmhbn,149,7.94,1.83,0.78,254.45,0,0,7.04,0,4.9,5.56
9793,9793,erlezskzyl,168,1.71,0.76,1.36,46.45,0,0,1.53,0,2.11,180
34692,34692,izkzfkzkqs,238,13.38,0.03,1.05,2.5,0,0,1.7,0,6.05,6.78
18960,18960,svemcqqfoe,28,25.87,0.81,0.39,195.27,0,0,2.43,0,2.65,19
11875,11875,qlcxupxtok,222,21.66,1.35,0.06,166.64,0,0,1.55,0,5.76,8.48
32305,32305,xbnjskskoq,138,8.44,1.08,0.34,3.9,0,0,5.72,0,2.69,4.17
20066,20066,yylxgnoork,229,24.53,0.29,1.71,176.41,0,0,7.28,0,0.41,8.14
31660,31660,vyeqbwfzqu,237,0.18,1.63,1.6,272.77,0,0,7.58,0,6.52,77
33497,33497,yfsyvuheiv,289,21.91,1.15,1.84,86.86,0,0,9.7,0,4.8,9.42
21280,21280,qotykqbawi,193,3.37,0.87,0.79,158.44,0,0,3.75,0,0.46,3.37
3636,3636,itsfxrpkbk,218,11.14,1.09,0.08,53.98,0,0,1.89,0,2.54,3.25
32181,32181,bllepgerqp,54,20.64,1.2,0.18,211.26,0,0,0.68,0,1.95,6.84
29363,29363,nychqxcsts,91,25.35,0.07,0.83,266.73,0,0,2.75,1,0.12,7.07
14990,14990,ohawzdencq,155,29.99,1.66,1.66,51.87,0,0,0,0,0,9.76
673,673,qtvhhhprpu,187,18.7,1.97,1.67,87.98,0,0,2.35,0,4.46,5.66
26955,26955,dluchidlxr,6,20.85,1.85,0.87,62.5,0,0,0.86,0,5.44,2.76
4899,4899,hfvmdoqzbg,116,11.39,0.5,1.41,113.15,0,0,2.75,0,2.65,4.73
14179,14179,xzipxnvijh,230,9.05,1.71,0.17,138.78,0,0,1.16,0,3.47,7.94
16686,16686,lmhynwdaye,34,13.07,1.26,0.57,262.29,0,0,0,0,0,8.78
29492,29492,bmgubbztay,67,3.66,1.44,0.58,189.67,0,0,0.95,0,4.75,9.43
17907,17907,wkiimeyzwu,174,8.38,1.62,1.9,144.16,0,0,2.28,0,4.3,8.34
13225,13225,ofjswscfmg,62,17.13,1.99,1.83,113.08,0,0,9.76,0,3.26,6.4
14669,14669,zefguqxryj,176,22.32,1.5,1.65,41.39,0,0,3,0,3.66,5.2
19277,19277,ezklfabnln,161,4.76,1.02,1.58,78.89,0,0,2.79,0,2.23,76
30186,30186,hxeyaaclti,240,22.32,0.38,1.97,286.4,0,0,1.59,0,0.2,8.23
18408,18408,kvarztiitv,294,3.8,0.43,1.39,128.57,0,0,1.45,0,4.87,6.79
7834,7834,pztzbeszsp,240,18.57,1.65,1.34,17.22,0,0,1.77,0,3.73,9.12
14631,14631,tphcxzrpqa,270,26.38,1.78,0.46,238.11,0,0,1.39,0,3.05,2.98
13993,13993,jbjnimjjkj,259,29.14,0.48,1.64,42.45,0,0,5.92,0,0,6.06
27926,27926,ftndblbhii,283,19.23,1.45,0.36,80.19,0,0,0.77,0,0,8.33
18658,18658,itcqxxungl,145,3.24,0.15,0.39,84.17,0,0,2.88,0,0.89,8.66
4104,4104,wkxinfzbwl,164,12.78,1.53,1.22,16.72,0,0,2.89,0,0.84,191
2599,2599,stlegcsydu,211,10.97,0.08,0.43,219.07,0,0,0.67,0,6.96,3.13
15563,15563,tuemlytqct,77,0.93,1.92,0.99,44.18,0,0,0,0,1.61,3.71
6146,6146,cpdaajaigb,299,1.74,0.68,0.3,14.54,0,0,5.09,0,0.55,7.11
13706,13706,dsjbaifggf,282,20.66,0.07,1.48,224.8,0,0,2.16,0,5.49,2.23
29402,29402,sxoaqdkgmx,248,13.08,1.8,1.58,139.95,0,0,0.81,0,4.18,4.84
18979,18979,vljifxsskm,103,4.64,1.2,1.32,100.52,0,0,2.83,0,6.13,6.13
4206,4206,gtcvlqzyxn,276,14.93,0.69,0.18,108.98,0,0,1.81,0,0,2.12
18471,18471,fppwsggxgp,243,20.81,0.99,0.8,149.14,0,0,0.51,0,2.47,3.69
10991,10991,zhanwstrrb,47,18.27,0.2,0.05,147.07,0,0,0,0,2.59,4.27
17508,17508,hzldourkck,45,3.92,1.32,0.6,46.9,0,0,0,0,3.9,9.35
16767,16767,ojgrfdxibm,28,5.13,0.57,0.22,1.54,0,0,1.95,0,2.06,3.38
14932,14932,qckutsncuh,61,1.18,0.66,0.42,165.08,0,0,1.31,0,4.66,9.35
22738,22738,eklblwwgix,43,5.55,0.17,0.03,148.02,0,0,2.26,0,0,3.61
23668,23668,bpywuzkvhh,96,8.47,1.68,1.84,260.63,0,0,2.18,0,2.28,41
13738,13738,frlqrgaopv,298,17.39,0.96,0.54,172.62,0,0,1.27,0,2.12,8.04
13090,13090,zsscshfdhr,192,5.66,1.69,0.9,258.62,0,0,0.58,0,4.76,181
30929,30929,lloxidtpek,35,2.91,0.33,0.23,245.32,0,0,7.82,0,7.02,8.41
7358,7358,xpwcxqxdir,16,15.03,1.22,1.75,136.09,0,0,1.56,0,4.5,7.77
7524,7524,mzxitgbmes,96,9.84,0.92,1.18,61.77,0,0,0.78,0,5.91,52
7381,7381,uyhlnosrip,258,19.1,1.18,0.36,46.08,0,0,2.2,0,5.81,2.89
18930,18930,tneuocfjrx,229,9.09,1.9,0.99,204.14,0,0,7.38,0,4.45,7.09
1867,1867,psflhffwzz,214,19.65,1.08,1.76,148.38,0,0,0,0,6.57,5.75
20777,20777,kgjjtjdpoy,14,13.08,1.46,1,54.62,0,0,0.94,0,4.76,4.96
27672,27672,cnjuwtkenh,155,20.74,1.9,1.69,12.68,0,0,0.9,0,4.37,2.23
24683,24683,ssiejnnbkz,28,0.42,0,0,174.93,0,0,1.34,0,5.28,107
32869,32869,xmtlwodoiy,221,13.98,0,0,14.83,0,0,2.67,0,2.45,7.42
13751,13751,jkwoylqpwn,246,25.77,0,0,119.13,0,0,1.13,0,3.88,9.72
22808,22808,jdatgtfteq,52,7.59,0,0,61.43,0,0,5.4,0,0.95,8.74
6673,6673,fjjjsnkphd,30,18.62,0,0,106.47,0,0,2.3,0,5.38,2.34
10452,10452,jwznawdsui,190,21.42,0,0,22.37,0,0,1.05,0,3.68,5.08
19446,19446,snlkimfqnw,109,12.35,0,0,294.05,0,0,5.45,0,5.3,9.25
3153,3153,fwmbaiufcp,135,13.32,0,0,110.9,0,0,8.86,0,7.7,4.59
17446,17446,oldwmbcvyr,249,23.64,0,0,153.68,0,0,7.43,0,5.78,7.94
31948,31948,yhprzytedz,3,18.59,0,0,201.19,0,0,0.55,0,0.25,9.06
14678,14678,ayclkmlamt,100,14.76,0,0,89.49,0,0,0,0,0,7.63
33431,33431,nbceyxmdsw,176,6.2,0,0,108.93,0,0,0,1,1.72,56
11825,11825,rizgwjdzcv,281,19.4,0,0,66.75,0,0,7.9,0,0,9.34
15093,15093,vipqhfgpyy,229,12.45,0,0,202.98,0,0,6.2,0,2.62,18
6762,6762,lnxjgcakxp,263,0.26,0,0,29.32,0,0,2.21,0,0.63,8.42
33432,33432,hxpipnfbhw,202,19.59,0,0,4.68,0,0,0.57,0,1.91,8.14
34202,34202,ksshpckvrz,145,26.38,0,0,27,0,0,7.33,0,3.2,3.31
3793,3793,sdbnruukmq,291,21.29,0,0,261.57,0,0,2.77,0,0,6.26
13160,13160,kfkonucgjh,269,11.02,0,0,24.31,0,0,1.36,0,3.54,198
18053,18053,akvlvgadpy,232,18.36,0,0,22.97,0,0,1.07,0,2.17,133
30551,30551,sgqaxplwfm,207,20.05,0,0,83.84,0,0,5.58,0,2.97,87
19433,19433,vlcaxilcsh,156,3.72,0,0,126.15,0,0,10,0,6.85,4.49
33935,33935,accyphrqlu,71,11.68,0,0,296.55,0,0,2.62,0,4.68,107
31006,31006,tfqyjkvhpy,26,2.53,0,0,254.68,0,0,2.78,0,1.71,177
7200,7200,xssndugjkd,108,19.65,0,0,63.76,0,0,2.13,0,5.32,7.25
6109,6109,dhgdwnrsdy,30,12.8,0,0,278.71,0,0,1.03,0,0.52,3.53
30163,30163,usghbjxixa,191,8.62,0,0,204.04,0,0,0.78,0,2.26,6.17
24071,24071,dcntwdczyv,59,11.73,0,0,74.08,0,0,0.6,0,3.66,4.44
4175,4175,bpovlscyhu,248,28.82,0,0,144.99,0,0,2.73,0,0,4.21
2107,2107,xlqofxgscz,106,19.63,0,0,57.21,0,0,2.15,0,3.85,82
2394,2394,tsdgwbzqjt,216,3.86,0,0,213.56,0,0,9.31,0,3.05,37
321,321,jlgkrxjnod,274,9.17,0,0,274.09,0,0,0,0,3.92,7.16
3270,3270,obesdfcmgs,169,26.13,0,0,74.01,0,0,1.38,0,3.51,2.38
34348,34348,sqccfugdzl,2,22.63,0,0,69.17,0,0,9.69,0,1.43,2.8
7023,7023,vdvjjepqga,136,4.3,0,0,3.01,0,0,2.9,0,3.05,2.99
3718,3718,edpoyogjsr,91,15.53,0,0,167.75,0,0,1,0,3.93,8.44
23709,23709,yaxyqxzqdw,215,15.87,0,0,172.45,0,0,2.4,0,1.67,4.2
11714,11714,yypxlykpny,293,8.2,0,0,251.02,0,0,0.75,0,4.83,17
4513,4513,lsmfwbkuhy,10,9.41,0,0,260.09,0,0,0,0,0,7.71
20132,20132,jytndhqcth,109,4.96,0,0,15.56,0,0,0,0,4.03,4.52
2765,2765,elytpqiksk,275,28.31,0,0,279.63,0,0,1.93,1,2.6,2.25
31263,31263,qvlnqjcnxz,36,17.83,0,0,25.71,0,0,2.71,1,1.26,6.71
1724,1724,krzqbbqpyh,7,24.87,0,0,0.04,0,0,1.7,0,4.53,13
18656,18656,dfktserkns,106,10.95,0,0,12.88,0,0,0.6,0,2.35,2.75
20641,20641,ohoosvzixy,145,17.33,0,0,18.49,0,0,1.53,0,3.01,3.56
27168,27168,cysgijbsud,97,13.8,0,0,34.04,0,0,1.51,0,0.39,2.65
28987,28987,bguzjfjzto,74,12.3,0,0,59.12,0,0,0,0,3.59,6.44
24820,24820,piwunlrckw,199,27.88,0,0,141.79,0,0,0.95,0,5.85,5.89
29057,29057,bwskbbabyy,265,2.91,0,0,224.31,0,0,0.77,0,3.9,6.33
17093,17093,ismedzwnvd,169,27.9,0,0,162.34,0,0,1.83,0,3.62,5.03
11911,11911,gcuhzmshra,187,11.77,0,0,155.67,0,0,0,0,7.65,3.68
23314,23314,mkehgzdkmt,167,15.56,0,0,259.74,0,0,2.42,0,3.89,5.25
30636,30636,thvhovngnj,85,1.5,0,0,129.78,0,0,1.41,0,2.38,61
22424,22424,rfabudqcua,162,11.27,0,0,243.55,0,0,0.84,0,2.64,8.08
14126,14126,siukrpxqqk,60,29.69,0,0,229.51,0,0,1.62,0,6.4,5.34
17614,17614,hchcoidikw,51,1.22,0,0,275.74,0,0,1.57,0,1.89,108
23186,23186,vxmuzsnqgd,273,6.13,0,0,59.4,0,0,2.85,0,2.15,2.44
10337,10337,msundwruqx,245,12.38,0,0,225.83,0,0,2.68,0,4.68,6.18
14567,14567,batfremrmh,33,14.41,0,0,1.26,0,0,5.76,0,6.74,8.23
26728,26728,bwhgomspqp,115,19.9,0,0,273.02,0,0,0.53,0,4.32,41
2861,2861,nknfrormdw,11,28.63,0,0,239.72,0,0,1.79,0,7.83,4.25
6831,6831,sjbmqulldq,9,12.67,0,0,55.64,0,0,5.29,0,1.68,8.24
32754,32754,biellcmgbw,255,8.88,0.88,1.94,168.79,0,0,0.93,0,1.12,7.26
32129,32129,edywmexcsj,53,0.57,0.44,0.01,66.66,0,0,9.81,0,7.5,8.03
34197,34197,mbkhqynomx,256,0.51,0.85,1.2,58.83,0,0,9.91,0,6.87,2.88
30330,30330,waylgwmulo,19,20.29,1.59,0.95,186.35,0,0,2.7,0,1.02,5.66
24911,24911,gdigjpyxfz,275,21.38,1.41,1.22,202.2,0,0,2,0,3.05,7.76
28802,28802,eyibvtkrpn,95,23.77,0.85,1.61,240.79,0,0,2.26,0,6.12,160
6468,6468,bpvvgfmxas,178,21.43,1.35,1.52,273.74,0,0,0.66,0,0.5,2.22
7793,7793,mnkcoalfax,239,3.77,0.68,1.89,282.11,0,0,0,0,4.91,8.67
34674,34674,nxtxgljgiy,250,4.3,0.35,0.19,24.07,0,0,1.93,0,4.34,7.28
18138,18138,rzoldopzcr,54,28.44,0.23,0.52,279.27,0,0,1.6,0,3.66,2.54
2989,2989,vvymlusdwv,114,27.75,0.05,0.25,288.86,0,0,2.78,0,0.79,160
28651,28651,hufefeaisq,1,14.38,1.09,1.86,154.55,0,0,2.21,0,1.98,48
11446,11446,fvfidozgql,72,6.02,1.56,1.73,263.4,0,0,0.5,0,4.91,3.05
19641,19641,ihpugckljb,144,2.39,1.12,0.08,41.51,0,0,1.59,0,6.25,3.93
27038,27038,lnzeucumzw,46,18.62,0.49,1.35,210.82,0,0,2.54,0,2.43,4.45
807,807,dagpmfvnun,118,22.15,0.96,1.16,77.33,0,0,2.84,0,3.35,9.02
30600,30600,kutflijwzx,110,12.89,0.62,1.4,243.22,0,0,1.33,0,1.76,6.36
12046,12046,cmmxhslznm,206,12.27,1.76,1.36,171.41,0,0,9.76,0,0.67,188
24210,24210,qsgrdxschy,292,17.03,0.48,1.65,210.27,0,0,2.29,0,2,6.24
11575,11575,gbkuaeuimg,83,8.1,1.68,1.82,141.33,0,0,0,0,2.04,6.33
10221,10221,lhnfpmwvws,56,6.52,0.54,1.38,30.85,0,0,3.55,0,6.54,167
19851,19851,ohcwqxzxpk,296,6.11,0.59,1.44,228.55,0,0,2.82,0,1.39,6.57
30606,30606,daajtmfbug,259,10.79,0.52,0.43,108.24,0,0,0,0,7.55,88
28811,28811,soxkfhynyp,239,7.73,1.86,1.57,10.96,0,0,0,0,0.85,2.71
6251,6251,tvffhisava,215,12.76,0.42,1.75,104.79,0,0,1.81,0,4.8,7.67
19654,19654,aznfwbsesy,269,12.98,0.01,0.45,54.59,0,0,4.87,0,6.82,2.5
7343,7343,kcrarpvjzb,211,0.45,0.27,0.58,27.16,0,0,5.71,0,2.52,9.15
8220,8220,hkassgsvld,179,20.06,0.3,1.03,233.88,0,0,2.21,0,4.67,3.41
32063,32063,wnibmyarby,144,1.66,1.92,1.15,252.76,0,0,2.99,0,0.67,4.86
15063,15063,riuffvrxyq,66,4.85,1.19,1.83,130.18,0,0,1.51,0,4.51,7.99
27338,27338,mchdewivwy,87,29.5,1.96,0.54,24.99,0,0,0.6,0,1.25,81
9619,9619,tpcqhmgcub,193,19,0.94,1.37,247.9,0,0,2.88,0,4.12,7.5
30367,30367,djedhbtfty,220,12.13,0.04,0.66,268.75,0,0,2.02,0,3.35,39
18051,18051,yxtjxamlxg,252,13.87,0.64,0.86,243.82,0,0,1.58,0,0.39,81
8353,8353,tendulcgbj,63,8.84,1.16,0.68,253.61,0,0,4,0,2.62,6.51
16171,16171,dbzaosncfx,233,24.22,1.72,0.93,222.22,0,0,0.82,0,6.27,5.42
15532,15532,aspajfdqhw,48,20.17,1,0.67,297.43,0,0,2.05,1,2.57,3.86
24583,24583,mbahghsxav,287,24.66,1.7,0.33,237.5,0,0,6.79,0,2.52,3.53
27606,27606,chegpamobi,152,27.15,1.57,0.68,237.07,0,0,0.84,0,4.83,150
13463,13463,rkpreijjhf,214,28.48,0.22,0.71,283.75,0,0,0,0,1.79,7.64
23038,23038,glbwlejuce,113,2.73,1.71,0.4,157.29,0,0,5.47,0,5.29,2.96
30513,30513,hvquevqull,288,12.66,0.77,0.45,292.13,0,0,1.41,0,4.74,3.86
6589,6589,jytgvzkzqg,168,3.68,1.37,1.42,158.11,0,0,0,0,0.87,7.02
6490,6490,czvycmumtf,72,15.8,0.74,0.51,95.66,0,0,2.77,0,6.19,4.52
28139,28139,mrejsckjem,97,13.14,0.24,0.24,60.23,0,0,2.72,0,3.51,38
14856,14856,tjbxxqwvsw,23,11.58,1.71,0.71,196.5,0,0,0,0,4.36,3.34
15510,15510,hekhwiguxe,181,15.4,1.36,1.26,133.24,0,0,2.17,0,1.16,3.92
16771,16771,ekjrnvurbw,223,24.96,1.27,0.2,14.2,0,0,1.5,0,1.92,6.19
29905,29905,gefshcndkv,256,2.48,0.87,0,15.32,0,0,7.05,0,2.39,9.62
33637,33637,myqpyalpcf,12,8.81,0.36,0.52,141.02,0,0,2.72,0,4.99,5.62
28025,28025,bievsjandw,214,8.33,0.86,0.69,176.23,0,0,2.65,0,4.6,8.58
2809,2809,rvcylngtbp,72,9.11,0.35,1.24,194.95,0,0,2.28,0,3.67,88
20135,20135,vaekljxhzw,42,3.15,1.9,1,113.84,0,0,9.73,0,0,4.19
24395,24395,drtjykotuw,257,3.03,1.68,0.28,13.27,0,0,4.53,0,4.91,8.85
4003,4003,ojgqcwigsu,66,27.01,0.66,0.81,214.57,0,0,2.02,0,6.27,104
6925,6925,kzwcculguj,218,29.35,0.86,1.46,217.91,0,0,7.98,0,6.46,3.12
11651,11651,qshpqehktt,226,25.95,1.52,0.04,170.64,0,0,2.79,0,5.59,4.85
34182,34182,cwsqsifklv,198,16.86,1.71,0.22,270.35,0,0,1.11,0,7.49,8.66
9890,9890,jptnavuved,145,9.63,1.78,1.06,22.85,0,0,6.59,0,5.33,8.6
2317,2317,bkanqxmmar,276,5.94,0.1,1.84,265.44,0,0,0.9,0,1.91,6.95
11776,11776,xwzlpxepci,281,11.5,1.58,0.03,161,0,0,0,0,4.01,2.48
156,156,aobhxnlljr,28,27.26,0.12,1.54,189.05,0,0,1.1,0,6.56,6.13
5002,5002,xjooftnatl,32,10.09,0.25,1.07,37.32,0,0,0.98,0,0.49,82
11783,11783,otgjhuqpvi,225,25.83,0.59,0.04,187.89,0,0,1.14,0,5.91,6.66
27349,27349,enjnkbugyf,87,12.87,0.01,0.07,230.51,0,0,6.82,0,3.32,109
6176,6176,iupzajpezs,214,19.41,0.25,0.17,120.97,0,0,8.49,0,3.3,36
5580,5580,subigupypq,257,6.87,0.71,0.66,119.52,0,0,1.18,1,1.78,9.24
30158,30158,paninmndxg,142,9.23,1.66,0.14,244.08,0,0,0,1,4.79,4.16
1381,1381,pwjkhdsuab,95,24.5,0.04,1.5,75.56,0,0,8.32,0,6.31,7.44
31825,31825,llwzmujpjm,88,4.71,1.26,0.68,204.4,0,0,2.83,0,2.52,180
2812,2812,zwfrkakxxe,203,12.63,0.26,0.07,243.46,0,0,1.03,0,7.02,7.82
13627,13627,aynqxxelvn,139,17.88,1.83,1.58,73.53,0,0,0.52,0,6.87,7.31
22827,22827,awhdthogsx,207,0.38,0.67,0.57,70.19,0,0,1.69,0,6.11,9.42
1692,1692,xdvtaagyyl,109,3.98,1.08,0.8,283.86,0,0,2.98,0,7.07,5.49
26257,26257,hycyloayyv,28,10.16,1.72,0.61,273.72,0,0,2.98,0,3.56,9.25
16792,16792,qdovtmpvsi,246,29.64,1.76,0.37,98.99,0,0,0,0,3.03,3.99
12260,12260,gccliaynzd,195,5.95,1.1,0.13,285.11,0,0,9.78,0,2.89,6.56
26529,26529,rinjepdzag,178,22,0,0.96,214.37,0,0,1.06,0,1.44,4.22
147,147,bupcfuidxl,58,2.01,0.68,0.77,142.76,0,0,8.93,0,4.39,2.91
11245,11245,alilnsknli,282,25.48,1.77,0.25,92.94,0,0,1.58,0,0.63,8.41
19009,19009,owpzngcdjm,12,11.38,0.14,0.06,66.65,0,0,0.85,0,4.34,9.48
9571,9571,ptegwbozkl,83,28.95,1.35,1.19,105.31,0,0,2.12,0,2.63,8.73
32074,32074,lqmvwtnaak,125,21.02,0.36,1.11,246.75,0,0,2.55,0,2.34,142
26427,26427,oqgdopqczo,214,11.23,0.18,0,184.97,0,0,1.49,0,6.8,8.16
23307,23307,nlscmdbfwx,258,28.45,1.35,1.45,242.34,0,0,0,0,2.56,50
34825,34825,rmgywohljs,51,9.32,1.49,0.79,285.58,0,0,6.63,0,0,8.33
17030,17030,neeboormdq,85,15.22,0.81,0.25,290.77,0,0,2.11,0,4.57,8.36
9487,9487,mgpponghgi,190,14.69,1.68,1.89,176.5,0,0,0,0,0,54
10951,10951,htovbkzljc,248,24.74,1.03,0.61,165.54,0,0,1.42,1,3.15,6.59
17843,17843,tazepdwvcw,62,11.7,1.78,1.02,53.07,0,0,1.63,1,5.35,196
20714,20714,zqecabyuom,177,17.7,1.22,0.71,109.05,0,0,0.75,0,7.07,7.42
30728,30728,ikcswdmsds,280,5.25,0,1.45,179.49,0,0,1.67,0,7.41,5.26
29968,29968,hboomrmuhu,73,23.25,0.77,0.28,164.69,0,0,0,0,0,2.66
29418,29418,wlfevrppas,178,25.94,1.57,0.9,220.26,0,0,1.65,0,4.93,2.29
3070,3070,dvdslcoqik,207,0.79,0.41,1.4,140.42,0,0,1.61,0,7.75,9.65
12933,12933,jxbxofdvmg,2,12.06,0.92,0.03,142.65,0,0,2.54,0,1.23,3.6
28825,28825,aocunpyryr,236,23.08,0.4,0.33,21.89,0,0,0.82,0,2.87,9.84
17861,17861,olbznkzfry,109,12.16,1.29,0.31,42.73,0,0,0.67,0,3.24,4.35
5791,5791,liiievrnuw,274,8.87,0.42,1.96,203.82,0,0,1.56,0,0,7.58
32503,32503,fdffpfdjst,50,22.99,0.53,1.43,193.57,0,0,6.42,0,4.97,147
18169,18169,qbgdsogxkd,113,10.71,1.89,1.05,2.71,0,0,2.03,0,2.86,5.48
13477,13477,ffebavlyzq,175,10.97,0.32,0.94,158.35,0,0,0.65,0,2.7,5.92
5449,5449,oudypvpkgz,143,11.36,1.74,1.75,50.55,0,0,0,1,0.55,6.09
33889,33889,skigtqfigj,4,3.59,1.39,0.72,285.38,0,0,2.42,0,2.8,5.33
23772,23772,qahqgfafvc,9,24.38,0.99,1.06,74.61,0,0,1.37,0,1.69,7.03
12042,12042,jegldezpog,109,28.52,0.15,0.75,38.47,0,0,1.28,0,2.73,7.56
30528,30528,rueazbvfbg,8,11.79,0.65,0.92,274.99,0,0,1.58,0,2.13,6.56
3526,3526,nxnlpxwdne,124,29.71,1.68,1.97,241.26,0,0,2.84,0,1.71,5.35
26668,26668,eycsfkznau,173,25.9,0.98,1.48,163.3,0,0,7.8,0,2.25,6.23
22066,22066,kumeuknuiu,97,27.71,1.28,0.03,148.04,0,0,0.94,0,4.69,6.93
3365,3365,xywcpmcfoz,226,21.43,0.11,1.3,9.93,78.96,0,2.92,0,2.44,4.95
23984,23984,dbtohvboln,235,13.04,1.97,0.35,119.84,85.56,0,0.65,0,4.45,2.91
16834,16834,qrijbimlbk,32,13.61,1.86,0.81,130.04,0,0,1.12,0,7.49,147
28221,28221,daobgctctc,65,16.24,0.93,0.98,200.93,0,0,2.51,0,6.5,5.34
6119,6119,whczjcvhiq,198,15.49,1.34,1.95,72.78,0,0,0.88,0,1,9.09
6423,6423,nvvhcetlzp,60,21.96,0.7,1.1,31.84,0,0,7.19,0,1.4,3.75
6519,6519,jhynqiznyl,300,11.8,0.85,1.72,78.26,0,0,1.06,0,1.87,2.53
26915,26915,xxkjudbmmc,116,19.46,1.14,1.27,102.66,0,0,0.69,0,7.72,123
22875,22875,lraoabsfbu,178,0.94,1.47,0.7,289.7,0,0,2.11,0,4.35,4.03
2529,2529,tigwttfvuz,237,12.45,1.95,1.41,80.61,0,0,1.61,1,6.3,4.62
10216,10216,bhququtrml,227,27.31,0.91,1.2,216.16,0,0,6.02,0,1.68,2.27
1107,1107,gnezujixaq,27,2.96,1.71,1.03,159.31,0,0,6.03,0,5.78,6.34
14700,14700,cpnjuwnhao,148,11.15,1.29,1.95,123.13,0,0,6.31,0,0.35,81
14718,14718,wjoxxaqcge,169,14.08,1.22,0.99,108.13,0,0,2.25,0,5.4,9.72
16934,16934,uhfqmasuak,0,4.66,1.26,1.22,189.39,0,0,2.6,0,2.47,29
17549,17549,aofetvwpug,296,0.65,0.86,1.94,89.26,0,0,1.44,1,2.46,9.63
1455,1455,zigioonzro,111,18.94,1.07,0.38,99.15,0,0,2.26,0,5.57,6.59
3391,3391,qhpsxvzthr,131,21.68,1.86,0.24,157.68,0,0,0.89,0,4.62,3.94
33139,33139,euqulwwskr,46,21.92,0.8,0.48,236.61,0,0,0.65,0,0,115
29951,29951,uxmjneuoft,118,12.12,1.18,0.59,3.91,0,0,2.05,0,0,7.1
6031,6031,kfawtmfgjb,38,29.64,0.89,0.06,19.67,0,0,4.24,0,6.89,119
2126,2126,ewoyraqnme,283,1.44,1.05,0.86,22.32,0,0,2.52,0,4.72,5.85
5126,5126,urmpnswtro,226,0.92,1.5,1.63,109.71,0,0,2.43,0,2.3,8.19
23454,23454,lovtxgdjin,288,26.33,0.94,1.59,52.26,0,0,2.29,0,0,2.45
629,629,tggbftnkcj,95,9.27,1.29,1.78,85.53,0,0,0.65,0,4.11,2.27
7977,7977,oegbxzcyiu,181,5.84,1.64,1.07,88.91,0,0,2.17,0,4.91,5.77
12508,12508,gighlzxvbh,209,24.46,0.47,1.94,298.69,0,0,1.3,0,1.66,3.18
12024,12024,atjarsycrb,66,1.87,1.29,0.71,166.83,0,0,1.84,1,4.75,46
7504,7504,dtammonbas,214,19.93,1.45,1.1,6.4,0,0,2.03,0,7.27,8.69
4053,4053,slklfuymjr,32,4.97,0.04,0.67,63.5,0,0,5.13,0,0,2.73
28492,28492,vfmqgbwlni,295,15.44,0.93,1.46,207.68,0,0,0.85,0,1.35,6.12
17798,17798,wdhlwwdsrx,258,11.67,0.59,0.77,136.1,0,0,0.87,0,1.24,3.6
8964,8964,wqvamxfody,123,21.8,1.8,1.94,105.92,0,0,0,0,2.97,7.75
10191,10191,pnnzgvpflh,39,8.68,1.68,0.47,81.99,0,0,1.35,0,4.7,4.69
27254,27254,rdojvtibaw,221,7.02,0.58,0.45,125.72,0,0,2.41,0,1.99,8.51
16108,16108,fcpmgbcsln,255,28.94,0.52,0.63,290.07,0,0,0.87,1,6.27,7.6
33790,33790,dgbhjxlsmi,8,9.53,0.74,0.93,246.45,0,0,1.79,0,1.05,6.13
24235,24235,nnotdzjefl,243,29.61,1.6,1.03,7.7,0,0,1.18,0,3.6,4.1
17606,17606,mxzkuuizic,161,18.84,0.43,1.31,265.76,0,0,1.39,0,5.64,4.06
31048,31048,evqjkdjqbe,263,18.55,0.18,1,88.42,0,0,0.83,0,2.68,6.73
5326,5326,omjwzyjhmi,298,25.33,1.88,1.85,101.89,0,0,2.11,0,0,4.83
14795,14795,bkldgvkbyr,267,0.38,0,0.81,98.32,0,0,0.95,0,3.85,3.83
5762,5762,ncqfiksrsf,57,0.62,1.04,1.15,78.44,0,0,0,1,4,5.67
31564,31564,ssskasznmk,154,17.77,1.45,1.13,193.16,0,0,1.54,0,3.69,22
5372,5372,lotbeaemun,205,11.02,0.33,0.48,66.64,0,0,0.97,0,3.43,26
8676,8676,elbofcenem,11,5.71,1.08,1.19,155.61,0,0,1.4,0,4.88,7.34
28530,28530,mzqzzhuxgm,260,21.83,1.01,1.92,153.89,0,0,2.25,0,7.9,2.68
12362,12362,fecmlxoiuy,83,7.55,1.62,1.36,214.17,0,0,1.14,0,2.66,7.98
14124,14124,spqodynvdo,287,22.69,0.09,1.72,17.14,0,0,5.57,0,2.82,2.89
844,844,bukonxjunh,98,8.85,0.89,1.45,296.82,0,0,1.51,0,5.42,7.13
24594,24594,jpyygmjazb,107,16.94,0.15,1.31,112.32,0,0,0,0,0.98,161
11897,11897,tabmfinhsd,52,26.67,1.58,1.04,54.2,0,0,1.17,0,1.73,76
21647,21647,igjaycbcqp,169,5.29,1.67,1.66,253.3,0,0,1.41,0,0,6.58
7146,7146,ildctchkls,82,29.79,0.47,0.12,221.76,0,0,2.39,0,4.04,9.61
8057,8057,bbiojvnbpo,149,13.31,0.34,0.58,114.46,0,0,5.2,1,4.57,131
607,607,dfkprkgwvn,135,14.95,1.2,0.3,140.88,0,0,0,0,4.25,5.27
4017,4017,sgtcnabgjb,28,3.87,0.87,0.49,156.23,0,0,2.6,0,1.76,6.56
33047,33047,guuygtlzbx,217,10.72,1.83,1.25,81.88,0,0,0.99,0,7.57,9.32
28934,28934,zgmdwqecbq,218,16.86,0.66,0.78,127.35,0,0,2.3,0,0.6,186
13701,13701,wuyphkvuxi,93,5.19,1.78,1.44,229.63,0,0,2.28,0,3.62,55
31981,31981,dekfgoorvq,78,5.27,0.55,0.64,20.84,0,0,1.02,0,1.84,2.03
20819,20819,ltlcbfkiom,5,1.99,1.77,1.31,87.28,0,0,2.39,0,4.09,9.05
18794,18794,tgaawyyega,289,2.48,0.36,0.71,88.98,0,0,7.8,0,0.68,3.19
29602,29602,ovmaywqdvw,99,19.1,1.55,0.41,172.2,0,0,2.62,0,0.2,141
32475,32475,khfykhaugr,197,4.31,0.63,0.73,168.95,0,0,1.88,0,0.63,8.46
33211,33211,ossksaynck,88,15.71,1.53,1.23,275.16,0,0,4.43,0,3.74,4.88
34057,34057,fyivtusjfp,161,23.65,1.5,0.16,199.88,0,0,1.61,1,2.7,4.03
17016,17016,suuhwblsnk,265,8.11,1.8,1.15,193.64,0,0,0,0,3.62,50
1932,1932,pdjdqyxxha,61,5.13,1.9,0.98,240.34,0,0,8.17,0,2.85,6.1
14087,14087,exljjcpitr,93,8.02,0.79,0.34,288.77,0,0,2.42,0,3.24,4.22
30477,30477,fitzipidjc,76,22.52,1.7,1.29,7.14,0,0,0,0,2.81,9.39
34910,34910,cgphwenyzl,193,15.81,1,0.63,124.33,0,0,7.78,0,4.8,6.3
13804,13804,sqngelsxdl,43,18.16,0.29,1.8,272.58,0,0,2.41,0,0.98,2.38
34758,34758,gjilapyhti,229,0.1,1.76,0.87,42.47,0,0,2.14,0,2.47,5.98
27505,27505,yadfvgkqlk,286,10.96,0.61,0.4,169.54,0,0,1.07,0,6.36,6.37
34255,34255,ifgtmjcidf,15,27.16,0.24,0.9,288.74,0,0,2.15,0,0.42,9.41
22907,22907,ttxmmcahna,147,0.03,1.93,1.48,279.05,0,0,0.59,1,0.92,168
168,168,bacpqqzgck,160,25.14,0.44,0.34,186.21,0,0,7.99,0,4.23,8.92
22420,22420,ysnvrysowb,6,2.35,0.55,0.87,249,0,0,0.72,0,3.72,3.67
19923,19923,gdyralludj,290,11.48,1.65,0.81,85.85,0,0,2.81,0,5.96,7.17
27063,27063,lhicaznfbx,113,14.15,1.57,0.17,250.98,0,0,0.76,0,7.97,8.78
8660,8660,wpjpakzqju,216,0.75,1.78,0.71,190.08,0,0,2.43,0,0,9.53
3304,3304,wfaaldbdlk,54,0.26,1.96,1.34,207.77,0,0,0.94,0,1.16,6.72
18777,18777,wuihbbcxpn,4,15.21,0.3,1.62,222.52,0,0,6.28,0,6.89,8.49
32448,32448,gpuyvcomrh,12,28.99,0.79,0.04,290.03,0,0,0,0,0,123
4308,4308,ikaolnukkq,283,11.6,0.92,0.06,279.62,0,0,2.92,1,2.36,5.03
9982,9982,jpjjqbhjea,271,18.81,1.22,0.72,3.65,0,0,2.14,0,4.29,15
12608,12608,qzohcvhjhh,204,3.3,0.26,0.15,46.34,0,0,0,0,1.07,92
4555,4555,ltczqexzim,54,5.51,1.17,0.36,8.86,0,0,2.58,0,0.99,8.76
3156,3156,uechkntwgt,237,15.06,0.26,1.78,168.87,0,0,0,0,1.48,81
17644,17644,xnhysmxtop,297,0.46,1.24,1.8,27.44,0,0,1.35,0,4.55,4.14
6333,6333,qyscuigcqx,295,2.38,0.55,0.12,35.9,0,0,0.65,0,3.5,7.26
34512,34512,gpegdnqzmc,169,8.45,0.65,0.77,294.4,0,0,0,0,4.37,7.03
21073,21073,xanisbhcbn,201,10.93,1.37,1.22,182.81,0,0,0,0,1.99,5.57
2452,2452,ewnuksghag,258,26.37,0.98,1.82,12.88,0,0,1.45,0,5.21,5.96
17830,17830,obpmpbttak,139,23.51,1.27,0.45,298.94,0,0,0.83,0,6.47,7.21
28644,28644,cuhkyxifdr,108,17.19,0.71,1.33,151.92,0,0,1,0,1.87,7.63
6956,6956,fawwhaaaau,219,27.6,0.4,0.44,31.11,0,0,1.6,0,5.73,2.01
26024,26024,uhwecjjlsc,149,15.64,1.29,0.08,169.97,0,0,0.52,0,0,3.02
12463,12463,pwsaioimsu,64,2.42,1.22,1.25,154.67,0,0,2.56,0,4.36,4.63
2136,2136,irqwamvkkl,186,4.91,0.34,1.72,1.9,0,0,1.2,0,4.67,9.06
9173,9173,tuywzgcxxa,124,10.35,1.34,0.55,210.03,0,0,1.13,0,4.22,7.44
28979,28979,npzvzvfbra,269,12.83,1.28,1.15,142.82,0,0,5.84,0,0.36,3.39
19380,19380,uyrsrjzkik,142,21.78,1.82,1.87,74.87,0,0,6.25,0,3.26,9.98
21575,21575,wqoudkmggx,205,24.02,0.98,0.94,235.08,0,0,1.76,0,2,4.78
31986,31986,okqgkvupto,221,0.45,0.4,1.47,97.43,0,0,2.49,0,7.88,7.48
11284,11284,incawbhhhn,136,2.75,0.63,0.05,139.38,0,0,2.38,0,1.85,149
27643,27643,qghllbwhql,195,19.84,0.24,0.56,37.08,0,0,1.32,0,2.3,2.59
25622,25622,gkuovdwfif,161,4.73,1.29,1.48,82.32,0,0,6.41,1,6.63,7.52
4257,4257,zrenzxihxf,150,23.96,1.62,1.03,193.15,0,0,0.56,0,6.97,108
34524,34524,oorelcjlgy,128,10.21,0.4,1.29,268.39,0,0,1.32,0,1.61,4.3
23079,23079,xfnfdchpas,20,24.95,0.83,0.5,44.52,0,0,1.55,0,2.59,3.24
7734,7734,rglwcyactl,265,23.52,1.31,1.75,109.13,0,0,1.55,0,5.25,8.78
4784,4784,tzjfxbfthc,264,15.29,1.64,1.93,207.82,0,0,0.93,0,4.67,8.3
3376,3376,qcqkxqhlur,186,15.43,0.27,0.97,290.96,0,0,0,0,0,8.92
5695,5695,oiqqxtbqxt,26,19.49,1.23,0.43,38.15,0,0,3.6,0,3.95,2.59
25116,25116,dirlqrfvjk,201,7.55,1.99,0.03,129.31,0,0,2.89,0,4.81,3.5
11571,11571,wnodrsttsn,66,16.38,0.14,1.79,182.22,0,0,1.09,0,1.76,179
20602,20602,ogfzuhtiay,68,19.82,1.79,0.7,260.28,0,0,0,0,4.25,4.45
2976,2976,iggzdwjdds,179,21.67,1.24,1.85,215.5,0,0,1.03,0,1.21,137
2536,2536,lbiaigavfr,242,17.71,0.9,0.65,163.24,0,0,0.77,0,7.8,5.51
20855,20855,gkefkwnbhh,116,25.05,1.5,0.45,98.06,0,0,1.12,1,3.96,3.51
6244,6244,sujonpwrwq,228,10.25,1.17,0.49,107.67,0,0,3.97,0,5.15,9.46
7162,7162,utrnzdqmgy,267,25.95,1.43,1.81,175.31,0,0,2.95,0,6.42,3.8
31757,31757,dylespfqhv,248,16.69,1.86,1.86,21.54,0,0,1.13,1,4.7,7.14
29056,29056,kwuwikwtvs,19,28.86,1.54,1.97,92.49,0,0,1.64,0,5.27,4.16
11742,11742,nbtkgyhxvf,274,11.79,1.23,1.06,242.41,0,0,1.68,0,0,7.77
23902,23902,sdturtfmwo,293,20.68,0.96,0.99,194.85,0,0,2.93,0,0.69,9.71
28998,28998,lhkvladice,281,16.23,1.9,1.84,76.03,0,0,1.35,0,1.65,6.68
29104,29104,offzsystps,200,5.85,0.16,0.35,204.93,0,0,1.85,0,3.26,8.91
22648,22648,vezpdklyho,206,12.4,1.65,0.62,243.05,0,0,2.96,0,3.89,2.13
34909,34909,vglwdxjrlk,187,10.83,0.95,0.82,136.47,0,0,6.22,0,0.74,6.41
25214,25214,gmfomfsckr,35,7.06,0.47,1.23,2.86,0,0,0,0,1.27,5.9
25377,25377,odeafhpeoc,242,13.75,1.98,1.29,200.22,0,0,0.82,0,1.55,66
9105,9105,muqhprpehe,27,25.01,0.12,1.11,46.71,0,0,1.49,0,4.28,8.23
4503,4503,fwnprjaocv,110,21.38,0.3,0.48,182.16,0,0,9.3,0,0,11
21176,21176,vlxbytzcxz,31,5.46,1.94,1.17,4.02,0,0,1.99,0,2.58,3.67
19176,19176,igoicgmvpg,23,14.44,0.63,0.03,166.92,0,0,7.09,0,7.45,4.52
1947,1947,zsamwjzyxu,6,27.13,0.33,1.68,110.28,0,0,0.59,0,5.26,4.03
27831,27831,uzyjghlsqx,297,17.02,0.58,1.38,238.98,0,0,2.83,0,4,3.1
11337,11337,mrpxonchdv,222,25.84,1.45,0.86,149.53,0,0,2.98,0,4.64,112
22699,22699,mnwdqqbmuc,268,2.14,1.87,1.12,59.28,0,0,0.71,1,3.77,2.81
20613,20613,iktxvpkpxe,298,22.25,1,1.4,289.38,0,0,2.99,0,1.66,182
30663,30663,qvjuqrhscm,98,11.01,1.64,1.34,249.55,0,0,0.67,0,2.87,8.51
5154,5154,sonptzhsxm,220,0.32,1.38,0.43,295.31,0,0,2.22,0,3.97,4.54
17162,17162,lnagmyhbqq,209,12.71,1.72,1.23,156.57,0,0,1.78,0,3.65,2.56
7461,7461,cegaksrhzg,111,9.14,0.43,0.56,69.59,0,0,1.42,0,6.04,9.4
29355,29355,tbsnuyfpwq,224,0.34,1.76,0.54,178.14,0,0,2.75,0,0.3,6.32
22119,22119,latawsatyx,46,12.35,0.99,0.21,206.58,0,0,9.99,0,6.53,99
18699,18699,jgklxomsvy,76,7.87,1.27,1.31,43.08,0,0,1.4,0,3.11,193
21715,21715,wpczlavqaj,153,29.65,1.13,0,24.34,0,0,2.99,0,4.41,9.5
9905,9905,mynkyxohix,206,20.16,0.27,0.6,293.05,0,0,0.92,1,7.19,4.87
720,720,rnojajwwdr,68,11.78,1.31,0.99,86.73,0,0,6.26,0,1.42,7.99
29031,29031,armjjwzsss,266,17.8,1.97,0.55,35.45,0,0,2.37,0,3.56,3.53
24320,24320,werzalkvey,71,25.25,0.08,1.17,172.16,0,0,0,0,2.61,3.01
24104,24104,ambqjtdvns,266,24.87,1.93,1.78,245.5,0,0,1.27,0,5.71,146
31488,31488,oawtbqmnjp,70,4.93,1.16,1.12,288.67,0,0,0.98,0,5.97,6.19
10680,10680,mootybfprq,225,13.94,1.48,0.54,126.19,0,0,3.72,0,2.66,2.13
27103,27103,cakginkfhc,201,13.3,1.33,0.25,118.74,0,0,1.59,0,5.59,9.89
28943,28943,wqzaakskre,70,20.14,1.75,1.61,56.99,0,0,1.64,0,6.32,2.99
31118,31118,vxdvpxbars,257,24.82,1.21,1.36,261.9,0,0,3,0,0.62,7.43
2180,2180,trtduelgiu,146,25.45,0.47,0.17,141.53,0,0,0.5,0,0,63
9188,9188,gdhtwcword,28,3.08,1.86,1.15,2.83,0,0,0.59,1,0,8.9
7415,7415,cfduyvtpoc,73,17.74,1.75,0.44,276.45,0,0,4.21,0,5.49,3.06
1771,1771,zodutybsum,207,16.31,0.18,0.96,59.6,0,0,1.7,1,4.6,164
32061,32061,yhqpzvxtrt,109,20.15,0.57,1.49,238.83,0,0,4.67,0,1.32,2.82
16692,16692,tdugiungnl,283,2.95,0.61,0.94,263.24,0,0,8.77,0,4.32,7.53
1823,1823,mgvrvopuqt,250,24.31,0.65,0.46,159.75,0,0,2.66,1,7.99,6.88
9293,9293,phkdjvbojg,228,2.63,0.21,0.93,131.36,0,0.25,1.76,0,3.1,4.03
17208,17208,aiahtemwhe,190,12.52,0.51,1.5,144.22,0,0.68,2.46,0,3.52,5.45
7448,7448,bnctanasnm,162,15.83,0.34,0.45,3.74,0,0,0,0,3.02,5.55
3842,3842,zfvnilhkuv,147,13.63,1.21,1.6,154.65,0,0,2.15,0,1.22,8.58
23368,23368,nceqybffed,108,18.03,1.19,0.26,0.15,0,0,2.62,1,0.93,7.52
7978,7978,murinlgtyd,48,6.81,0.39,0.37,73.55,0,0,7.68,0,0.38,9.06
33521,33521,twuevyfnvi,101,13.21,1.22,0.67,46.47,0,0,2.48,0,1.67,7.31
8634,8634,ttyyokkxrz,89,24.49,1.8,0.6,248.61,0,0,5.42,0,1.38,6.12
12674,12674,tzqffieery,159,8.95,0.81,1.04,173.58,0,0,4.33,0,0.78,8.12
15820,15820,dblhjpwuel,172,26.41,0.15,1.66,193.01,0,0,6.3,0,4.65,157
1446,1446,qianygyshs,257,29.58,1.84,1.89,26.48,0,0,2.61,0,7.81,6.56
23697,23697,kdynsbabhi,230,19.41,0.98,1.63,228.92,0,0,0,0,5.38,47
34955,34955,vnidrrfimw,249,15.98,1.82,1.43,135.73,0,0,2.34,0,6.25,5.26
13519,13519,exlegnqjkb,76,17.82,0.85,1.82,94.54,0,0,3.7,0,7.89,6.83
29742,29742,urtinxacfw,159,26.76,0.96,1.21,178.15,0,0,0.73,0,6.79,132
22182,22182,soosclbxkh,212,18.99,1.38,1.47,272.61,0,0,2.3,1,0.68,6.27
18575,18575,zcepypzagl,161,20.67,1.72,1.27,66.17,0,0,2.75,0,7.3,73
5263,5263,qupiqrzgql,145,27.36,0.65,0.14,45.5,0,0,1.97,0,0.63,178
18919,18919,tkwgcudwcf,153,7.25,1.81,1.85,217.24,0,0,1.16,0,0,3.84
4001,4001,ovgxfvicnk,175,23.29,1.66,1.12,275.22,0,0,1.41,0,6.49,3.32
18972,18972,hatefrxvkf,277,29.01,1.17,0.24,95.16,0,0,2.17,0,1.54,9.42
4192,4192,jmryuribuu,182,21.39,0.43,0.39,64.77,0,0,1.52,0,5.99,9.38
13876,13876,znwgrajaji,47,13.56,0.81,1.87,265.52,0,0,2.65,0,1.97,131
25847,25847,zdwrcemqza,131,0.16,0,0.51,92.32,0,0,1.1,0,4.2,9.76
12218,12218,ygwowsfima,127,14.51,1.5,0.11,222.49,0,0,2.01,0,6.8,5.58
12828,12828,pwkmlnbpph,34,21.48,0.61,1.73,137.37,0,0,2.6,0,0.94,8.74
18221,18221,zsltnfdpiu,35,26.92,1.68,0.68,197.81,0,0,2.97,0,1.37,3.55
448,448,fjpleicenp,194,22.19,0.91,1.48,217.58,0,0,2.68,0,7.15,7.82
13308,13308,aklfbytsqe,291,21.92,0.36,0.26,116.51,0,0,2.03,0,0.22,4.01
21412,21412,mvvegthwjo,84,11.53,0.24,0.36,13.93,0,0,2.75,0,1.58,8.1
28495,28495,hmsybaoxfg,271,20.81,0.31,1.14,38.85,0,0,2.19,0,0,7.45
14302,14302,onzgiubdfl,278,3.48,0.42,1.74,220.74,0,0,5.8,0,6.51,7.9
30071,30071,fjkmnwekvw,240,26.5,1.57,1.37,3.58,0,0,1.71,0,2.83,50
30338,30338,nmzdzynzyg,225,29.51,0.76,1.61,180.46,0,0,1.89,0,1.05,7.87
34311,34311,kqamhjrwuy,51,13.14,1.27,0.56,146.68,0,0,0.6,0,5.15,8.04
792,792,pfqgtqdrvi,128,19.56,0.15,1.66,122.18,0,0,0.9,0,0,4.89
20453,20453,vlqpiaajie,118,26.35,0.19,1.43,89.36,0,0,1.76,0,0,3.69
11450,11450,bpsuffqhew,45,25.35,0.11,1.59,155.28,0,0,9.76,0,0,5.24
2630,2630,jmsidrunyy,254,21.96,1.84,0.63,33.98,0,0,2.41,0,2.55,193
29905,29905,ozvuoqiehz,271,4.22,0.57,1.88,220.4,0,0,2.88,1,1.87,4.48
1289,1289,nugovmlnki,285,24.35,1.35,0.73,185.87,0,0,1.22,0,3.08,6.48
6804,6804,kncaqzygjr,213,21.88,1.26,1.61,122.89,0,0,0.76,0,1.79,7.44
9322,9322,psgfraodzn,28,7.99,0.35,0.46,282.72,0,0,0.83,1,3.09,8.79
418,418,pztbasprjd,164,12.04,0.94,0.51,77.37,0,0,1.66,0,5.78,3.54
6110,6110,orebilmtkp,257,28.19,1.53,0.39,9.75,0,0,1.23,0,0.81,4.63
8446,8446,sxygkmhtbs,210,0.97,1.66,1.52,128.88,0,0,2.76,0,0.56,8.2
20368,20368,zhkgrzldrz,87,26.03,1.95,0.27,28.29,0,0,3.52,0,0.72,95
5146,5146,ehnlwbxwfo,218,20.08,0.43,0.12,261.92,0,0,0.85,0,0.17,4.3
29007,29007,wziduyqigx,61,15.26,0.07,0.85,107.83,0,0,1.31,0,4.83,21
6601,6601,igmxcqkfnl,195,28.91,1.63,0.12,66.93,0,0,2.75,0,2.04,58
21867,21867,xnibmkijtc,122,15.12,0.46,1.63,261.62,0,0,0.9,0,0,3.2
19037,19037,vplkukrxco,283,22.02,1.81,0.23,4.62,0,0,9.77,0,1.69,2.31
16068,16068,ynfdglwpti,258,23.22,1.67,0.62,92.55,0,0,1.25,0,3.87,3.73
18936,18936,zxfmbqexci,130,2.72,0.76,1.56,227,0,0,2.13,0,0.53,4.43
5679,5679,tfetiyktck,139,6.23,1.81,1.6,145.51,0,0,2.05,0,1.72,6.35
22955,22955,rrxnctutsy,214,19.01,1.78,0.38,190.86,0,0,0.87,0,4.1,9.29
3679,3679,oaxvqgaysj,275,19.97,1.51,0.23,279.09,0,0,1.98,0,0.61,7.34
17926,17926,wqufeakntw,272,15.57,0.17,0.17,242.93,0,0,7.87,0,0.85,27
25478,25478,zcdasftquy,160,27.65,0.27,1.57,200.1,0,0,0.76,0,3.72,87
31782,31782,zbdobrcrnz,35,20.31,0.96,0.41,143.91,0,0,6.17,0,4.77,3.58
27162,27162,nchroesztt,242,8.95,1.41,0.39,50.52,0,0,0.88,0,2.09,5.83
13351,13351,hadzgmehvp,71,27.11,1.87,1.17,258.22,0,0,1.39,0,1.45,8.25
27721,27721,wjcnlhpxpx,101,27.07,1.25,0.36,264.78,0,0,1.19,1,3.26,2.03
9189,9189,fyruajazfj,210,7.18,0.17,0.69,253.32,0,0,8.62,0,3.67,6.71
8659,8659,zwemycllln,59,16.47,0.01,1.13,42.45,0,0.25,2.11,0,2.58,2.13
34280,34280,wxrafwzxrl,55,17.69,1.16,1.38,69.85,0,1.36,2.16,0,2.82,6.37
15969,15969,opsvqpieud,152,12.37,0.88,1.98,88.65,0,1.89,1.28,0,6.94,4.09
9845,9845,uuvhzeodfx,104,12.64,1.38,1.86,166.4,0,2.69,4.86,0,3,2.59
29229,29229,uhdzfbrdzw,84,15.26,1.19,0.87,85.08,0,0,1.08,0,1.3,132
14719,14719,xhadfubyjx,208,29.82,1.55,0.69,105.08,0,0,2.67,0,4.51,4.62
6222,6222,bdnbciagaj,90,27.12,1.87,1.99,252.98,0,0,0.9,0,0.85,42
21608,21608,tjllhuqrra,22,4.75,1.11,0.43,167.3,0,0,1.82,0,4.75,7.11
27823,27823,evaxyrrwnh,168,20.82,0.43,0.23,19.09,0,0,9.22,0,2.42,22
10979,10979,orfxmbcaqe,197,28.67,0.59,0.66,7.64,0,0,0,0,6.05,3.65
2114,2114,qjylnnctko,85,28.57,1.28,0.44,12.35,0,0,2.05,0,4.99,3.16
31454,31454,cesunpnyya,244,21.81,1.69,1.53,219.07,0,0,4.37,0,0,4.08
8826,8826,fuewdungrs,25,14.98,1.16,1.79,69.24,0,0,2.45,0,7.01,33
33288,33288,qyzplgflaq,246,10.86,1.82,1.46,1.9,0,0,1.62,0,1.59,9
17769,17769,ewbxdkbnhb,215,26.69,1.77,0.82,228.96,0,0,4.75,0,5.54,8.65
21275,21275,zrpgeewwky,263,1.07,0.87,1.64,117.42,0,0,2.73,0,0,95
34771,34771,ydfarcbtjx,66,11.36,0.74,1.63,95.65,0,0,0,0,4.46,9.39
4138,4138,pwcfcomhkb,174,23.42,0.07,1.26,283,0,0,0,0,2.88,4.68
27465,27465,octmacrduj,120,20.66,0.11,1.43,92.24,0,0,1.68,0,5.87,5.78
27135,27135,zmybskirfr,168,4.04,0.63,0.57,16.35,0,0,2.49,0,1.61,2.12
11285,11285,qqottucpsh,252,5.5,0.47,0.33,185.7,0,0,1.49,0,0,186
8763,8763,wbexcayxxh,77,25.29,0.2,1.33,35.9,0,0,2.91,0,4.87,9.27
16637,16637,jimzolymhv,9,12.87,1.91,1.16,82.42,0,0,8.07,0,2.03,2.97
286,286,gtlqgyomce,78,1.43,1.53,0.36,136.58,0,0,2.9,0,2.73,3.08
15861,15861,ukbobbqmbr,294,7.76,0.34,0.79,298.41,0,0,0,0,5.63,200
34263,34263,iowlnbcmfu,209,2.41,1.96,0.48,61.95,0,0,7.65,0,3.25,6.11
3275,3275,xdwejbgqvl,166,19.98,1.71,0.47,69.88,0,0,0,1,4.98,5.76
24883,24883,tbqonyoqxt,171,19.95,1.98,1.12,70.62,0,0,0,0,5.7,8.3
18159,18159,sgrmppknwj,270,11.4,1.38,1.09,93.67,0,0,3.61,0,0.55,6.83
8776,8776,tixombooef,174,7.88,1.71,0.24,237.5,0,0,1.26,1,0,4.05
28596,28596,dhzulbrwts,123,26.09,0.95,1.77,46.02,0,0,2.5,1,2.03,5.3
4023,4023,wcgnevbwuq,102,22.86,1.61,1.51,71.21,0,0,8.11,0,4.34,10
23403,23403,vafoxrzxdd,226,16.42,1.58,0.81,125.41,0,0,1.47,1,7.9,171
10273,10273,vwkjmyhwph,231,6.19,0.36,1.71,295.75,0,0,5.67,0,3.39,8.19
3040,3040,phjikrgxrd,290,27.5,1.7,1.29,168.2,0,0,0,0,5.87,6.99
28765,28765,friyawwkdb,170,7.92,1.86,1.95,48.33,0,0,0,0,5.61,70
1509,1509,fmoyfddkod,243,4.1,1.32,0.55,165.35,0,0,2.92,0,0.18,6.74
29328,29328,pyoaqdvwvr,92,20.53,1.66,1.03,237.14,0,0,8.4,0,7.03,10
17698,17698,tbblcajhdd,112,26.58,0.74,0.89,213.66,0,0,1.72,0,1.07,4.56
11156,11156,onrexzwszz,119,11.38,0.72,0.51,209.41,0,0,2.12,0,6.21,50
29995,29995,yspezeiwoi,149,28.8,1.51,1.72,27.99,0,0,2.52,0,2.3,6.46
10624,10624,smytcruaqd,33,14.07,0.08,1.09,114.4,0,0,1.59,0,3.14,7.15
12561,12561,liarkwyeqy,126,29.53,0.48,0.94,172.89,0,0,1.69,0,0,6.04
28447,28447,zghqojgekj,265,22.35,0.93,0.76,118.06,0,0,1.37,0,4.95,3.86
28595,28595,qlgkicurde,210,2.23,1.35,1.99,203.11,0,0,0.59,0,5.73,3.36
7781,7781,xcasypsmuk,166,23.11,0.69,1.36,102.15,0,0,9.06,0,1,6.96
5038,5038,nbobibiihy,56,7.26,0.72,1.39,180.22,0,0,0.71,0,4.62,7.59
14902,14902,hpspwievnl,194,13.02,0,0.39,46.36,0,0,1.48,0,5.21,4.3
8656,8656,bldupwphcj,200,1.47,1.16,0.25,112.23,0,0,2.16,0,1.4,3.23
3504,3504,wkrtvnnukt,182,2.21,1.58,0.39,238.72,0,0,2.19,0,4.64,2.76
7070,7070,gbygjdoqsy,97,22.7,0.33,0.76,77.81,0,0,1.25,0,4.17,3.43
19374,19374,vqbqbfyroj,157,11.97,1.87,0.98,137.36,0,0,0.59,0,4.75,4.75
26498,26498,lzemtfvmot,229,28.9,0.07,0.41,17.98,0,0,1.43,1,2.27,5.54
28982,28982,ujjisfakxm,180,12.84,0.16,0.39,212.25,0,0,1.11,0,3.66,6.29
8853,8853,cjfvinghfe,105,29.46,1.72,1.35,155.45,0,0,2.99,0,2.08,7.08
4315,4315,pqzbxgtfwg,283,16.54,1.29,1.57,241.58,0,0,1.39,0,5.58,8.74
32495,32495,dxmcuzsiom,280,10.61,1.52,0.71,81.58,0,0,1.63,0,4.29,5.42
1661,1661,krozehnpzp,168,8.68,1.56,0.87,292.92,0,0,0.88,0,3.59,8.16
34241,34241,rmdffjjxci,210,20.29,0.12,0.37,274.93,0,0,6.99,0,1.54,6.37
540,540,nrrfxvkocq,42,21.7,0.08,0.9,269.06,0,0,8.79,1,1.33,6.44
11808,11808,qrretelmjx,64,3.15,0.34,1.13,78.36,0,0,7.83,0,1.9,3.4
22787,22787,usewovucfp,211,13.86,0.22,1.11,54.52,0,0,0,0,2.64,2.24
20185,20185,ebotvixnul,24,26.31,1.24,0.42,72.36,0,0,2.32,0,3.03,3.16
7878,7878,mdqourcpmg,282,17.49,0.04,1.85,220.07,0,0,0,0,4.77,196
16498,16498,aebldwpqcc,124,18.09,1.23,1.94,52.74,0,0,0,0,6.93,99
21107,21107,eixdkuzalk,167,11.45,0.36,0.7,51.51,0,0,2.48,0,5.54,4.5
2374,2374,xlfluxipqa,212,21.22,0.14,1.95,150.67,0,0,0,0,0.28,8.95
3281,3281,lghcfxgpjb,119,28.82,0.68,0.41,159.28,0,0,8.78,0,1.33,7.83
22704,22704,kszkkssaxt,167,3.57,1.28,0.89,165.51,0,0,1.84,0,2.51,5.38
23566,23566,aunssvrnie,48,11.44,0.51,0.95,17.61,0,0,0.63,1,0.75,5.01
3729,3729,hmalfgwfqu,133,25.3,1.89,1.16,253.92,0,0,2.8,0,3.9,4.54
14807,14807,mlwlmeyzgi,123,1.21,0.14,1.02,268.95,0,0,1.39,1,7.67,4.66
15272,15272,ymnxvsrdfk,61,3.64,0.52,1.52,135.54,0,0,2.17,0,3.36,9.04
29553,29553,rkjtsnjthz,285,18.65,0.3,0.17,190.16,0,0,0.82,0,1.39,8.45
32409,32409,dliizjgzac,4,26.77,0.15,1.27,101.56,0,0,0.85,0,4.92,5.42
30176,30176,troviidunm,54,20.87,1.97,0.81,122.39,0,0,2.39,0,0.27,9.72
31691,31691,fostnhqelc,167,2.01,0.48,0.88,247.24,0,0,2.27,0,3.18,4.49
34449,34449,wxatlhnzeh,142,9.48,0.07,1.01,211.95,0,0,1.04,0,6.97,3.8
9902,9902,qbpveiwqcw,213,28,1.3,1.34,94.53,0,0,4.58,0,0.35,6.26
32107,32107,zjpwxrpqcl,149,15.7,1.43,0.51,116.17,0,0,4.98,0,3.58,52
3265,3265,khurcjnpqt,6,21.44,0.79,0.67,32.18,0,0,0.68,0,3.13,5.6
728,728,bocbxzpmrp,269,5.82,0.88,0.88,184.47,0,0,4.73,0,3.12,8.53
28547,28547,uilufkicnd,283,8.39,0.63,0.17,101.61,0,0,2.96,0,0.26,35
15883,15883,ytxwhjwyse,177,12.29,1.51,0.39,58.04,0,0,2.7,0,5.65,9.56
14230,14230,qrhwstzwsi,111,8.42,0.65,0.49,178.55,0,0,1.16,0,3.53,5.7
34053,34053,jcffkdarui,283,14.2,0.55,1.06,34.23,0,0,0.87,0,6.65,2.4
6313,6313,myqjxyimbr,226,26.49,0.01,1.78,232.25,0,0,0,0,5.6,6.3
9012,9012,yvmyxortou,219,17.12,1.61,1.35,49.19,0,0,2.06,0,7.06,83
14192,14192,vjbljxwhuz,12,29.63,1.93,1.67,237.57,0,0,2.07,0,7.86,5.66
12250,12250,rbqjavhbwd,96,7.34,1.41,1.53,258.78,0,0,0,0,4.82,3.45
32932,32932,kgoynwpzba,87,20.33,0.96,0.02,11.66,0,0,1.7,0,6.15,4.37
14323,14323,vqflsczlih,156,15.63,0.53,1.47,219.49,0,0,0.89,0,3.13,3.03
31841,31841,jaylfvsneh,228,9.55,1.13,1.3,6.27,0,0,0,0,2.33,75
12099,12099,oktxmrwzgp,111,12.47,0.49,1.47,233.82,0,0,2.08,0,1.96,4.44
33696,33696,bztmgsgnio,48,22.72,1.84,0.51,155.2,0,0,0,0,0,4.14
27626,27626,wqclxibdyn,112,17.47,1.51,0.84,106.01,0,0,6.08,0,3.25,4.69
26845,26845,lanuopelie,289,16.06,1,1.41,140.35,0,0,2.78,0,7.92,2.2
17056,17056,vaecwmdvuq,30,24.04,0.56,1.13,127.57,0,0,1.99,0,3.11,4.21
2984,2984,iwdzjpnqac,32,3.29,0.22,1.19,69.98,0,0,0,0,5.38,5.88
25471,25471,sthbihvzgt,222,27.22,1.37,0.77,56.48,0,0,2.44,0,4.94,170
16277,16277,icnctetpsi,77,9.46,0.89,1.4,92.15,0,0,1.26,0,0,124
15405,15405,nhtewojazw,149,18.69,0.83,0.39,297.64,0,0,2.34,1,6.51,2.53
2365,2365,ukkcuhzzyy,68,21.05,1.24,1.18,261.66,0,0,0.7,0,2.27,15
19554,19554,aohyzjvjhv,122,3.85,0.33,0.47,268.28,0,0,5.16,1,3.15,6.15
13628,13628,uldblqtvsw,171,24.97,0.1,1.89,263.18,0,0,2.07,0,2.22,6.66
7787,7787,lplapnjthk,230,5.22,0.37,0.27,161.77,0,0,1.05,0,4.49,7.79
34174,34174,ymgjwdjmbv,199,11.93,0.95,0.62,112.96,0,0,5.55,0,4.06,78
31216,31216,ygujbftpxg,79,9.88,1.36,1.31,165.11,0,0,5.03,0,1.36,5.33
2788,2788,tswixotflg,2,19.38,1.08,0.85,214.67,0,0,9.06,1,4.94,7.55
20338,20338,tcewkbkinu,128,10.74,0.63,0.41,281.27,0,0,1.25,0,0,7.75
27397,27397,hragrjvlph,292,1.53,1,0.38,271.65,0,0,2.09,0,1.37,8.86
20565,20565,qlqnyhbvgy,212,17.06,0.12,0.99,202.94,0,0,1.16,0,7.62,3.16
19943,19943,ahbypuuwdo,161,8.23,0.19,1.13,46.7,0,0,2.15,0,1.48,7.22
9011,9011,eejepnfynr,43,27.47,0.68,0.96,12.12,0,0,2.16,1,0.89,134
11053,11053,hjbrknfdyg,268,22.55,1.27,0.64,101.7,0,0,2.57,0,7.95,5.41
9403,9403,cykciomgid,144,0.36,1.94,0.55,271.72,0,0,0.7,0,3.44,9.46
19717,19717,jbilummwme,28,8.38,0.8,1.18,187.62,0,0,3.93,0,5.81,8.64
6934,6934,vuuifjmycq,58,22.72,1.34,1.3,136.99,0,0,0.91,0,1.83,5.06
21102,21102,okuiilojuu,242,14.57,0.44,1.03,101.49,0,0,0,1,7.93,2.53
29722,29722,zjkokapiyu,108,21.58,0.37,1.67,199.22,0,0,0,0,0.71,4.43
26913,26913,szutcmaati,83,26.47,0.75,1.76,211.21,0,0,1.26,0,7.61,4.19
2103,2103,coyntkoezc,281,11.65,0.38,0.78,297.89,0,0,0.67,0,7.3,4.26
13032,13032,adifgfnzjz,88,14.28,1.53,0.37,136.8,0,0,5.96,0,6.04,150
12923,12923,matedajgqm,19,20.8,1,1.5,46.81,0,0,1.43,0,0,9.77
25914,25914,lyzuutnmrz,191,15.92,1.79,1.92,66.18,0,0,1.82,0,7.68,3.01
17895,17895,uhhlsxpwbn,267,17.39,0.75,0.07,56.01,0,0,1.2,0,3.05,3.46
21177,21177,uqawbxzupu,234,5.37,1.11,0.8,190.44,0,0,1.12,1,7.2,3.2
27150,27150,fgjgzcinzz,83,22.24,0.33,1.6,4.17,0,0,0.82,0,2.06,4.41
24683,24683,nkjdnvudii,121,2.31,0.21,1.99,297.05,0,0,2.45,0,7.82,4.33
13712,13712,pnlixwlisg,93,3.01,1.36,0.49,28.01,0,0,2.24,0,3.26,9.41
34732,34732,oxmqluwrju,35,18.01,1.45,0.12,260.39,0,0,0.51,0,1.54,6.22
33125,33125,dciaihezgc,81,6.25,0.52,0.44,95.41,0,0,0,0,1.73,40
20225,20225,dhshkayhsk,15,18.47,1.6,1.9,219.67,0,0,0,0,3.1,9.84
24276,24276,rkecnbrkar,184,2.77,0.89,1.8,273.85,0,0,1.38,0,3.78,3.73
18227,18227,ojpbdwhgaz,56,1.46,1.5,1.95,85.61,0,0,1,0,3.38,7.19
5326,5326,wugkuqogxi,183,28.65,1.03,1.72,248.47,0,0,7.05,0,7.33,2.52
17522,17522,vccdlbpekk,187,4.95,0.68,1.55,77.84,0,0,1.28,0,0,19
28262,28262,ocxmdkpiry,153,17.15,1.96,1.39,267.81,0,0,2.3,0,1.27,199
25166,25166,nworjkzddm,204,14.8,1.36,1.54,122.52,0,0,0,0,0,3.43
21232,21232,pbaubhhdpk,99,16.28,1.09,1.08,288.56,0,0,1.87,0,1.34,33
17908,17908,fedbxtwytb,66,0.44,0.27,0.64,64.07,0,0,1.11,0,1.37,7.41
5227,5227,nekyfuuwjf,104,3.33,0.9,1.09,277.04,0,0,2.85,0,3.41,6.17
8039,8039,abbsqescky,69,25.95,1.43,1.65,231.28,0,0,2.25,0,3.89,148
27412,27412,zadghcqpgo,98,14.04,0.61,0.61,7.06,0,0,0,0,0,7.33
10833,10833,gbrlxjgdoa,29,5.42,1.69,1.24,232.48,0,0,2.36,0,3.89,2.98
2097,2097,swnwenqhar,77,3.24,1.84,1.61,26.24,0,0,1.11,0,0,8.93
24365,24365,tlavornoly,240,28.94,1.47,1.45,73.54,0,0,1.73,0,3.34,3.71
22512,22512,rwkyzwqefa,203,9.31,0.72,0.13,243.57,0,0,1.42,0,4.27,8.38
6056,6056,cxbwhoxghm,22,7.26,0.04,1.68,61.76,0,0,2.48,1,4.41,4.76
11253,11253,ttxjhtjqiq,188,18.74,0.61,1,197.08,0,0,0,0,0,23
1583,1583,busefgxdlf,54,16.55,1.16,0.9,228.11,0,0,5.04,0,0,7.84
6605,6605,wjpzkhhueu,288,26.71,1.56,1.06,62.57,0,0,0,0,4.07,7.21
22075,22075,lbgslxgwhh,30,28.21,1.31,0.54,191.13,0,0,8.62,0,0,5.51
15465,15465,lmtmtqybvf,85,19.13,1.53,1.04,19.32,0,0,1.77,0,2.09,2.27
19223,19223,fvgwaxmekz,6,25.39,1.01,0.69,16.56,0,0,1.62,0,0.2,6.07
21810,21810,autspbxfdv,38,24.83,1.29,1.97,247.08,0,0,6.29,0,3.14,4.87
5607,5607,yuftdrfkqu,74,12.41,1.69,0.87,4.61,0,0,0.82,0,7.4,7.93
27470,27470,ukapstpkgi,89,14.11,1.11,1.97,283.59,0,0,1.94,0,7.92,2.8
7836,7836,nznqzvgqnc,160,25.92,1.49,1.76,30.29,0,0,2.92,0,4.54,149
11990,11990,rapmwjgleb,19,21.24,1.18,1.85,125.48,0,0,2.78,0,4.31,6.19
6064,6064,dtaynhwyvz,113,28.09,1.89,1.2,91.2,0,0,1.48,0,2.38,3.21
9446,9446,vfmdvjanty,174,0.15,1.26,1.82,10.31,0,0,4.69,0,2.43,7.52
16253,16253,yjltwhkjss,192,5.5,1.77,1.84,86.27,0,0,2.82,0,2.65,42
14927,14927,sqrrxlewwo,77,1.82,1.29,0.44,213.2,0,0,0.55,0,5.48,3.86
23834,23834,ynfmwxpdzg,245,28.73,0.53,1.01,118.09,0,0,2.97,0,2.15,109
249,249,kupbrzxybu,44,2.88,0.3,0.79,251.9,0,0,2.76,0,4.12,8.13
24275,24275,uzmxxnvjpv,132,28.43,1.22,1.22,280.86,0,0,3.97,0,4.85,5.98
13805,13805,fdovrekrjc,40,9.86,0.94,0.25,15.56,0,0,0.5,0,0,5.41
13408,13408,znkmchtjit,89,21.18,0.44,1.91,112.45,0,0,0,0,3.55,4.38
2474,2474,jnwjpdinva,7,7.96,0.96,0.83,177.47,0,0,8.25,0,0,2.73
2044,2044,usrnicmgkw,227,21.95,1.09,0.55,217.03,0,0,2.11,0,0.27,6.04
33561,33561,cgyccwoojn,187,5.28,0.26,1.25,294.51,0,0,0,0,4.1,6.97
27081,27081,ehxbekceue,250,4.35,1.29,1.26,164.99,0,0,2.42,0,0.26,2.62
28744,28744,uqamvnpcpx,284,11.61,1.11,1.61,233.53,0,0,7.69,0,6.31,5.65
21088,21088,epnupenpbs,124,25.56,1.15,0.1,152.26,0,0,1.81,0,1.11,3.42
7071,7071,rdxbzyrmeh,224,2.98,1.11,0.77,103.51,0,0,3,0,4.61,4.15
23564,23564,ewbfqfzbqr,109,4.29,1.36,1.58,119.52,0,0,2.33,1,5.17,22
6756,6756,iqstbtxyei,112,28.08,1.4,1.54,47.57,0,0,2.71,0,5.67,9.34
6120,6120,segyyqwfze,106,22.45,1.45,1.05,212.35,0,0,3.88,0,0.93,7.46
31215,31215,wwnnowvzbs,7,1.19,0.32,1.04,251.63,0,0,1.18,0,3.39,4.14
2228,2228,szjjinvhzp,193,4.27,1.78,0.21,26.61,0,0,2.37,0,7.85,8.25
26716,26716,hojyjvqdkp,159,27.74,1.3,1.2,268.61,0,0,2.6,0,4.31,57
22188,22188,codofxdnqb,80,13.63,1.01,1.31,57.5,0,0,2.36,0,2.55,7.29
13253,13253,ufkdtiofil,197,29.3,1.25,1.16,131.69,0,0,2.21,0,0,7.38
12071,12071,bmfjfomyll,162,20.58,0.79,1.52,190.83,0,0,0,0,3.76,5.42
26443,26443,paupnxcnqc,176,28.56,0.74,1.6,107.11,0,0,1.94,0,2.61,8.68
6167,6167,szuxahcwdi,90,23.1,1.59,1.39,99.44,0,0,2.38,0,4.41,4.25
6897,6897,kukwgjxmoh,18,5.03,1.54,1.77,293.1,0,0,1,0,0,5.33
17384,17384,wzplytlokg,171,2.54,0.53,1.8,265.59,0,0,9.75,0,3.1,4.63
11346,11346,nmqlnhruca,108,24.98,1.23,1,121.77,0,0,0.5,1,1.94,27
33681,33681,sravugilvm,161,11.39,1.46,1.25,72.35,0,0,0.75,0,2.31,3.88
13961,13961,cmlcvfxwrg,104,20,1.34,1.76,11.93,0,0,2.55,0,7.37,9.62
10179,10179,xhiugicrcs,211,21.74,0.65,0.88,292.88,0,0,1.67,1,4.64,168
33376,33376,zviaxokfla,169,13.01,1.96,1.8,299.91,0,0,8.63,0,2.02,7.63
6832,6832,kycpzzqfqt,74,14.63,0.63,0.89,28.79,0,0,0,0,3.3,5.72
17964,17964,hymijtjvpn,196,20.02,0.89,1.36,245.2,0,0,2.15,0,1.81,168
31267,31267,ntyfvsghkh,127,23.85,0.03,1.58,199.77,0,0,3.85,1,0,169
1225,1225,wjbjdvlomt,243,25.6,0.21,0.12,65.61,0,0,2.25,0,3.61,131
21606,21606,ktywrzatmx,291,21.76,1.59,0.59,270.28,0,0,0.99,0,1.27,5.38
14188,14188,zqxgokwboi,105,8.61,1.69,1.98,34.09,0,0,1.52,0,5.22,4.8
24008,24008,pciclfntjl,292,20.63,0.07,0.7,33.17,0,0,2.59,0,4.49,4.14
23526,23526,jiitphebla,183,6.81,0.76,1.82,289.56,0,0,2.07,1,0.66,7.64
18863,18863,taujshygkq,92,14.39,0.94,0.04,63.74,0,0,0.85,0,0.38,3.97
29323,29323,nbnsuugbvb,66,12.47,1.83,0.69,44.22,0,0,2.82,0,3.75,9.32
15485,15485,qshtxkeafq,246,16.94,1.22,0.33,85.5,0,0,6.8,0,3.04,9.05
17018,17018,kychgevytv,78,20.32,0.48,1.8,66.94,0,0,2.89,0,0.47,194
32372,32372,bovfkyhulj,229,8.44,1.36,0.28,19.55,0,0,1.44,0,0.25,5.88
33529,33529,syhlufkcgs,98,13.54,0.55,0.71,295.37,0,0,0.97,0,2.88,6.98
1582,1582,aarovrztzc,167,8.45,0.26,1.37,126.92,0,0,2.89,0,6.37,9.05
28254,28254,txuxmdnoxm,20,20.6,1.12,1.21,190.91,0,0,9.59,0,3.7,8.09
23840,23840,uwalanpkxq,299,1.14,0.91,1.15,161.81,0,0,1.72,0,7.3,27
14616,14616,myackqlsac,235,28.05,0.2,0.7,179.76,0,0,2.86,0,2.33,127
13232,13232,kqrtjbgxgu,133,26.67,1,1.25,60.63,0,0,3,0,3.7,4.87
33947,33947,tczxcejxxa,240,5,1.91,1.35,124.9,0,0,2.67,0,0,127
12891,12891,tfhknjmixm,64,20.49,1.05,0.41,85.71,0,0,2.86,1,0.19,9.33
248,248,fiaozgymgr,167,16.91,0.92,0.56,31.35,0,0,8.85,0,0.55,4.34
17589,17589,oueehdokuc,87,25.79,1.76,0.61,249.06,0,0,0.53,0,3.95,6.71
17713,17713,ofeljbfzvj,11,25.74,0.99,0.71,189.06,0,0,1.3,0,3.81,3.93
29203,29203,eyckeugasg,188,13.36,1.73,0.81,30.27,0,0,0.7,0,5.27,8.64
14590,14590,wgcwgmtaln,96,1.84,1.08,0.53,177.48,0,0,2.69,0,3.25,5
10960,10960,xtccnnnigl,197,2,0.59,1.17,207.09,0,0,2.3,0,0.16,7.4
28172,28172,bkhcqhlxid,36,10.83,0.83,1.7,107.06,0,0,0.61,0,0.43,5.36
29425,29425,pukoqdiwch,33,7.85,1.36,0.15,293.42,0,0,2.97,0,3.34,5.91
17165,17165,pxzmgegkge,283,8.77,0.31,0.19,124.27,0,0,0.89,0,3.75,4.84
12272,12272,kvrzetbaia,229,6,1.67,0.14,216.52,0,0,0,0,4.3,7.68
13457,13457,toifooqkxy,284,24.16,0.84,1.06,148.22,0,0,2.22,0,2.49,5.65
20939,20939,qyzqlwsejj,213,6.75,0.36,0.58,261.97,0,0,1.81,0,3.81,7.2
7859,7859,xbzubikbli,165,12.8,0.9,1.08,292.33,0,0,0,1,6.22,9.9
7838,7838,zbgybnkqoc,281,16.11,0.69,0.95,263.18,0,0,2.54,0,0.39,151
6012,6012,nyoenzhmvc,6,4.64,0.13,1.89,284.19,0,0,2.26,1,6.27,3.8
15159,15159,srzufdmuyb,251,21.51,1.53,0.02,19.57,0,0,2.25,1,0.94,43
7150,7150,rnxorknxfg,50,25.48,1.17,1.53,217.32,0,0,1.58,1,0.38,7.4
22107,22107,rmmnbicjdh,148,16.89,1.97,0.91,58.64,0,0,0,0,7.37,8.65
23691,23691,vweywfohtm,189,6.83,0.68,0.12,138.15,0,0,2.13,1,7.9,7.53
8749,8749,vqvbtumhup,34,29.71,0.73,0.77,69.6,0,0,5.23,0,1.33,53
12972,12972,kgpuywmbxb,46,26.41,1.75,1.06,45.84,0,0,8.06,0,6.42,9.83
6433,6433,qtornwxzmh,90,4.05,1.46,1.84,60.73,0,0,9.55,0,2.09,2.25
6497,6497,brqxentsrw,131,10.65,1.74,0.14,60.61,0,0,1.17,0,1.82,7.94
5837,5837,uqvwfixmiv,71,17.86,0.91,0.72,191.66,0,0,2.46,0,5.87,2.56
25611,25611,kewfiquziw,273,20.77,1.12,1.23,146.27,0,0,2.11,0,0.47,48
34224,34224,snviunfegr,37,18.33,1.53,0.81,165.28,0,0,1.14,0,4.59,8.64
32821,32821,gjvmpylkoh,58,11.02,0.3,0.59,158.89,0,0,4.56,0,1.45,131
3218,3218,usmzpnxktj,269,9.63,1.17,0.88,265.5,0,0,1,1,7.87,25
26826,26826,jrugqmaobf,36,8.38,1.18,0.81,122.08,0,0,0.52,0,0.47,3
25408,25408,ylsoljdpry,99,27.6,0.04,0.45,288.91,0,0,0.88,0,0.42,9.06
26439,26439,jdrjonqdas,135,29.47,1.65,0.23,67.62,0,0,1.84,0,0.46,110
19575,19575,clofkfnvet,114,18.37,1.82,0.85,173.74,0,0,0.97,0,5.44,9.52
15253,15253,foaghhiwpj,13,14.89,1.61,1.37,285.95,0,0,1.58,0,2.09,5.84
9287,9287,rhrdenkoki,114,3.76,0.43,1.98,156.01,0,0,1.56,1,6.96,6.3
25060,25060,yonriwgynf,279,7.11,1.89,1.92,127.6,0,0,4.61,0,1.9,3.97
33531,33531,ftmwirxkuq,203,20.71,0.08,0.12,256.96,0,0,2.57,0,3.74,5.57
8504,8504,zwdnikblrk,177,15.55,1.73,1.09,44.76,0,0,2.43,0,0,151
24648,24648,urmjyhusqn,100,7.06,1.03,1.42,288.92,0,0,0,0,2.17,2.39
8042,8042,zzszboooca,136,5.91,0.34,0.18,215.76,0,0,8.85,0,7.97,2.02
6751,6751,ulezajftwp,40,5.26,1.03,0.75,13.45,0,0,8.84,0,4.82,92
32923,32923,jxxltvfmqr,30,26.71,1.98,1.03,194.4,0,0,3.74,0,5.14,186
17715,17715,lflvofpudq,219,20.85,1.24,1.7,77.43,0,0,2.79,0,2.02,5.92
15358,15358,dhpewpggym,61,8.3,0.53,0.53,118.12,0,0,1.65,0,4.04,6.78
32637,32637,wuyjgnorqj,119,27.17,1.37,1.7,97.68,0,0,2.53,0,2.04,6.58
26040,26040,vzsecutjbj,33,10.99,1.11,1.74,289.19,0,0,2.56,0,0.24,4.32
5685,5685,cwkmqlgtww,67,1.13,1.03,0.45,291.27,0,0,2.9,0,1.16,9.61
34786,34786,uifpwcxhsw,253,17.1,0.84,0.41,10.04,0,0,1.48,0,1.22,3.64
31774,31774,ucjdsuvexs,22,13.49,1.94,1.12,270.89,0,0,2.48,0,5.91,155
6233,6233,pwkebqlyss,134,9.61,0.68,1.04,23.91,0,0,6.53,0,5.11,7.25
26961,26961,tzhhsugsiz,161,11.91,0.62,0.83,192.87,0,0,8.44,0,2.88,176
16558,16558,dzlsjjxjwt,282,0.94,1.87,0.99,232.29,0,0,3.26,0,6.48,26
22361,22361,gyrwjqmact,182,19,0.34,0.42,157.96,0,0,1.54,1,0,6.14
9188,9188,ngksfcemfo,264,4.34,0.67,0.33,258.02,0,0,0.61,0,2.07,3.29
13331,13331,itymdvdlso,185,5.49,0.61,0.11,63.61,0,0,2.61,0,0.78,5.5
23803,23803,ljuriuzsdv,252,26.92,0.56,1.56,89.13,0,0,2.72,0,2.98,187
2787,2787,ipcqdpsyrb,285,14.28,1.53,0.82,28.87,0,0,2.73,0,3.65,3.63
23897,23897,xuuvsayvgz,165,26.08,0.86,0.05,38.21,0,0,1.43,0,1.97,9.34
4971,4971,evezvyfnhd,96,29.31,1.6,0.45,65.99,0,0,0.85,0,3.71,9.31
32621,32621,shjgzyfdis,102,8.24,0.33,1.7,263.48,0,0,2.45,0,7.59,6.95
17601,17601,rsxsecsitu,49,28.55,1.8,1.07,170.17,0,0,1.99,0,1.26,9.8
17612,17612,obuulkyxqi,23,12.28,0,1.87,69.38,0,0,3.37,0,2.67,19
22819,22819,dtjschlwko,265,10.27,0.21,1.22,120.8,0,0,7.67,0,4.68,8.21
32706,32706,rfaxpjpaww,134,3.4,0.79,1.8,224.91,0,0,0,0,1.49,7.19
7507,7507,qhhoxwmiyo,24,25.6,0.46,0.69,151.56,0,0,2.29,0,7.63,8.05
5098,5098,ojurucfrvp,138,5.87,1.63,0.1,169.67,0,0,2.04,1,0,4.88
11230,11230,isszyripsb,37,12.14,1.53,0.9,165.49,0,0,1.49,0,6.08,9.78
23248,23248,qdtdllnecr,236,29.35,1.98,0.53,122.41,0,0,0,0,4.5,8.01
33516,33516,vpimgzvuou,50,1.1,1.6,0.23,182.54,0,0,2.99,0,2.45,5.11
25816,25816,orinbgzakt,251,6.53,0.14,1.57,264.5,0,0,2.93,0,3.77,5.56
24869,24869,zdtekkqjuo,97,29.04,0.2,0.65,296.97,0,0,0.98,0,6.58,168
31122,31122,dzghkgidno,198,19.8,1.56,1.94,97.65,0,0,2.94,0,3.65,5.55
34578,34578,obgvnlworw,87,6.88,0.52,0.5,162.61,0,0,0.92,0,4.24,3.21
14307,14307,tlqnuvptks,101,27.53,0.52,1.47,265.49,0,0,0.8,0,3.9,67
26312,26312,veolmdgast,81,28.88,1.25,1.99,262.68,0,0,1.8,0,1.09,3.16
22996,22996,ooslqdecio,261,29.7,1.89,0.59,197.62,0,0,0,0,1.82,105
10428,10428,bghhamezfs,245,10.33,0.68,1.89,288.32,0,0,1.29,0,5.57,5.84
14332,14332,yxalcssatf,89,12.81,0.87,1.8,227.93,0,0,0.66,0,0.86,9.92
14099,14099,qqzsepaogl,85,29.01,0.55,1.17,259.51,0,0,0,0,1.2,2.8
17282,17282,hozqfkvgai,270,14.74,1.12,0.4,53.76,0,0,0.71,0,3.37,5.66
11334,11334,iqyuzvxmil,15,5.2,0,0.95,89.1,0,0,5.55,0,0,8.2
5640,5640,pomujlhmzp,2,14.94,1.22,1.06,144.19,0,0,9.6,0,2.62,3.34
186,186,bnjpquxgff,183,1.16,0.25,0.97,25.11,0,0,2.59,0,2.53,2.34
18189,18189,caksvlwels,19,6.08,0.61,0.83,125.09,0,0,8.33,0,3.92,7.54
29801,29801,vcqlisuqip,99,17.96,0.27,1.36,116.42,0,0,0.75,0,3.32,6.71
21846,21846,ekwbhmvmff,73,22.77,1.4,0.48,146.76,0,0,2.91,0,4.14,7.06
8265,8265,skbgzsujhu,126,20.29,0.4,0,66.26,0,0,1.67,0,3.06,3.36
1458,1458,vngazdefng,293,6.24,1.05,0.2,138.6,0,0,1.66,0,0,9.89
21870,21870,wduujjyimg,95,20.15,0.86,1.55,147.62,0,0,1.31,0,1.49,9.34
23606,23606,yniorujhwk,92,4.55,0.9,1.19,224.36,0,0,0.5,0,3.85,7.13
18765,18765,zttxjupqpd,124,10.79,1.67,1.22,198.4,0,0,1.24,1,4.16,196
30951,30951,tkkztwybce,20,15.75,0.1,0.84,62.31,0,0,1.06,0,0,6.56
7161,7161,vhiwkrmoul,101,21.19,1.73,1.88,7.63,0,0,5.3,0,5.2,5.08
5857,5857,szrazgrkpn,92,13.47,0.41,0.04,57.03,0,0,1.9,0,7.23,7.12
27807,27807,vguvoypawh,78,9.39,1.81,1.71,230.78,0,0,2.09,0,4.13,3.48
7105,7105,oqzcuynbwj,46,15.26,1.55,1.34,126.67,0,0,2.68,0,3.47,4.97
19117,19117,pifnyefhjx,126,17.85,1.14,1.66,38.14,0,0,1.42,0,1.41,6.7
2482,2482,eijjpxwosz,261,16.94,0.38,1.62,158.17,0,0,9.1,0,3.09,7.98
10188,10188,wufgnahtye,237,2.06,0.73,1.23,182.24,0,0,1.68,0,0,6.62
6026,6026,ggqbqiojru,59,2.1,0.09,1.45,146.82,0,0,0,0,0.87,150
11891,11891,lalrdusopd,67,14.55,0.95,0,60.37,0,0,2.1,0,6.73,7.37
18119,18119,pilpdefdwk,253,18.16,1.9,1.04,109.14,0,0,1.9,0,4.92,9.35
10790,10790,jcqwvvqwwb,73,4.47,0.98,1.77,231.62,0,0,2.07,1,3.72,9.2
34870,34870,wnketnsgbj,107,27.78,1.89,0.41,245.39,0,0,1.94,0,0.17,3.05
940,940,gypopcpdlu,172,10.16,0.14,0.38,112.87,0,0,9.4,0,3.52,2.66
4707,4707,xaoyzhlqhw,83,28.4,1.61,1.77,8.73,0,0,1.07,0,3.17,8.99
19530,19530,kbysndmzcl,144,8.52,0.01,0.82,277.94,0,0,0.51,0,7.91,5.04
30836,30836,kmynszmspw,284,14.25,1.78,0.85,196.37,0,0,8.16,0,4.48,74
20967,20967,fktvnwzttd,42,6.45,0.53,1.52,200.88,0,0,2.53,0,0.95,100
11069,11069,ybpygxqljt,203,15.32,1.76,1.58,84.75,0,0,0.98,0,5.17,7.75
16508,16508,fzffvkkhet,52,19.79,1.94,1.03,253.97,0,0,0.88,0,2.08,4.01
17182,17182,bbxcrbjebq,300,4.6,1.74,1.32,281.47,0,0,1.58,0,1.41,9.8
28839,28839,uxunbqziil,58,27.83,0.96,0.75,180.29,0,0,3.37,1,0.6,5.92
30508,30508,gknpcaajva,222,28.93,0.2,1.46,60.43,0,0,9.76,0,1.69,3.5
11088,11088,okaqjlouad,188,22.66,1.84,1.71,155.97,0,0,1.97,0,5.96,9.04
13958,13958,xhffmliglp,132,9.92,0.83,0.61,212.32,0,0,8.35,0,6.11,70
22347,22347,afqgibkeow,18,24.39,0.09,0.18,224.97,0,0,2.58,1,0,9.28
16519,16519,lawscxpksy,91,13.55,1.39,1.35,48.51,0,0,0,0,0,9.45
4801,4801,jbczocjehy,17,9.79,1.03,0.48,234.79,0,0,1.6,1,0,9.62
30218,30218,fnyuipbvar,20,26.25,1.99,0.3,195.93,0,0,0.9,0,3.01,2.89
4919,4919,ohutaifxbd,191,5,1.19,1.71,59.23,0,0,7.08,0,3.88,54
11829,11829,novmxvclso,198,21.92,1.85,0.34,265.86,0,0,5.81,0,1.05,168
25380,25380,wcratbngmx,2,10.47,1.66,0.49,99.04,0,0,2.13,0,1.02,2.81
21177,21177,vnsoflyfrx,100,7.79,1.98,0.95,127.97,0,0,2.65,0,0.42,4.23
8524,8524,lrqmzlklxz,217,11.79,1.88,1.95,8.12,0,0,0.62,0,2.34,68
33478,33478,yomlveikcp,14,29.59,1.07,1.14,268.64,0,0,6.68,0,0,95
32594,32594,qapfuhynyd,66,2.79,0.82,1.81,265.49,0,0,7.53,0,4.24,4.5
958,958,nldbteaorx,286,22.95,0.28,0.74,130.07,0,0,2.63,0,6.48,8.4
19734,19734,ngksrsoyyj,253,25.45,1.02,1.45,261.02,0,0,2.39,0,3.87,3.53
6521,6521,hzxkdagdgv,250,3.76,1.72,0.91,85.97,0,0,0.58,0,2.03,147
29808,29808,cqmqalxynr,127,11.42,1.2,1.32,119.8,0,0,2.72,0,3.61,9.04
17560,17560,lhhipspwrc,291,7.86,1.56,1.15,163.56,0,0,0.95,1,2.17,7.44
20912,20912,kjaijvdomz,99,4.11,0.07,0.22,279.47,0,0,1.48,0,4.98,7.06
11559,11559,vdxlftngtu,105,19.53,0.66,1.9,67.07,0,0,5.7,0,2.53,2.2
19259,19259,mzwyqysvmm,255,19.96,0,0.11,216.78,0,0,1.62,0,0.38,7.09
30416,30416,hoskupwtrv,12,26.63,0.23,1.8,20.52,0,0,2.39,0,3.4,4.85
9904,9904,dnndzqzdta,222,16.13,1.21,0.06,144.3,0,0,2.4,0,6.14,4.41
7774,7774,ttyquebbrt,154,0.95,1.87,1.16,216.23,0,0,2.9,0,6.84,5.14
2359,2359,amizyyxzzl,206,7.73,1.51,1.09,155.11,0,0,2.71,0,0.73,3.75
16559,16559,gqunkoszwr,259,29.83,0.09,1.93,250.96,0,0,0,0,0.34,9.35
23757,23757,aqodssgmli,298,21.35,0.45,1.09,161.4,0,0,2.15,1,0.5,9.81
5289,5289,diuattxydr,200,24.93,0.7,1.9,5.95,0,0,2.29,0,4.95,7.12
395,395,rdyhvagtdx,204,3.14,0.17,1.78,264.35,0,0,0,1,3.74,8.2
31268,31268,bfhqgmqpnk,171,19.94,0.3,1.08,18.17,0,0,0,0,3.52,8.87
30000,30000,caoyyvuzbc,247,5.79,1.7,0.53,147.87,0,0,1.33,0,6.03,9.63
15684,15684,nfjghwchbf,11,5.74,1.98,1.26,32.94,0,0,2.48,0,3.09,4.77
448,448,srwbfknqmj,208,2.51,0.48,1.17,209.13,0,0,2.81,0,4.01,3.03
28851,28851,bxoggxsewj,190,10.24,0.04,1.52,237.68,0,0,7.44,0,6.36,8.2
3860,3860,qjcyfycgyz,147,4.11,0.41,0.91,174.63,0,0,2.61,1,5.99,75
29516,29516,usiftyqujf,27,9.23,0.05,1.68,104.23,0,0,8.88,0,4.59,6.07
25076,25076,djvmzxdygl,198,22.81,0.47,0.88,266.88,0,0,1.13,1,6.32,9.76
27284,27284,iclcvyfvie,243,16.15,1.11,0.76,7.42,0,0,0,0,1.54,6.31
13856,13856,kniydqppka,178,22.1,1.29,0.28,115.26,0,0,1.85,0,2.97,2.53
668,668,qzhliemynz,100,13.38,1.26,0.32,193.24,0,0,0.52,1,2.14,4.29
9544,9544,okvxzrxncn,212,27.86,1.97,1.4,216.39,0,0,0,0,1.94,6.77
13944,13944,bolgvsezkm,131,12.16,1.63,0.41,206.64,0,0,0.9,0,1.29,145
4793,4793,xycxexfsjc,166,19.09,0.47,1.41,263.73,0,0,0.52,1,4.5,4.89
30909,30909,mdtnwuvzky,91,5.04,1.29,1.31,22.94,0,0,1.9,0,3.32,149
24722,24722,eorqfwxbmn,55,8.46,1.85,0.72,242.35,0,0,1.3,1,5.94,4.71
16106,16106,crzeoyehcw,237,22.81,1.12,1.88,279.93,0,0,1.14,1,0.43,2.45
29549,29549,jggxszjjec,223,5.41,0.98,0.89,265.82,0,0,1.85,0,0.19,7.99
12710,12710,qwzdzoqjyz,291,5.5,0.81,1.55,68.02,0,0,0.55,0,0.59,7.97
20646,20646,wvmppwugkb,155,5.89,0.2,1.51,169.63,0,0,0.96,0,1.94,21
17955,17955,vqvinljctx,81,20.6,1.77,1.94,153.69,0,0,1.63,0,3.2,3.31
7196,7196,cvliifkzes,111,11.84,0.4,0.22,59.16,0,0,0.68,0,3.63,6
11136,11136,duubrhmecu,163,4.89,0.2,1.81,257.87,0,0,1.65,0,0,55
26385,26385,hbcmjdpqxa,256,19.52,0.85,0.18,286.8,0,0,3.77,0,0,2.82
16309,16309,kxfvtfkgwp,152,5.96,1.5,1.26,6.58,0,0,0,0,2.67,8.82
21392,21392,rhsrmymosi,192,14.56,1.85,1.98,163.1,0,0,1.78,1,2.16,5.73
24613,24613,ipcmzmweqv,0,13.03,1.01,1.51,213.72,0,0,2.94,0,4.66,6.3
5835,5835,ligyvsfjqw,141,29.37,1.01,1,269.38,0,0,2.92,0,3.05,15
24435,24435,gvridybodk,148,5.59,0.31,1.45,159.44,0,0,1.19,0,0.53,6.86
33114,33114,ivdvfzkkbk,58,26.8,1.07,0.45,283.27,0,0,1.24,0,1.69,9.55
15371,15371,msgczgnqyo,147,18.01,0.93,0.89,170.34,0,0,1.79,0,4.92,9.66
15549,15549,hkmqclgbga,16,17.2,1.54,1.96,169.58,0,0,2.11,0,1.13,6.3
7366,7366,zzqgcsazvz,292,23.37,0.18,0.26,39.83,0,0,2.96,1,1.62,46
20049,20049,qafrqjffav,131,4.84,1.51,1.36,224.61,0,0,0,0,5.33,4.04
23246,23246,vwhfzwdihh,84,1.22,0.77,0.93,292.95,0,0,0,0,1.3,4.45
10341,10341,zelkedmwzy,59,2.31,0.49,1.52,274.4,0,0,1.88,1,2.67,6.63
11784,11784,jmfgstxvzg,99,27.57,1.54,0.61,142,0,0,3.71,0,2.48,3.11
32295,32295,xqylssagil,143,13.04,0.38,0.72,204.16,0,0,1.03,0,1.65,74
6511,6511,mukzakztdu,198,1.48,0.65,1.25,196.21,0,0,1.92,0,6.52,7.1
29185,29185,bcymcclzep,162,8.32,1.34,0.48,252.1,0,0,1.33,0,5.96,9.83
6689,6689,bymjarogrq,252,8.27,0.5,1.44,244.13,0,0,2.83,0,1.26,5.86
17679,17679,fnzgszcnun,92,12.82,0.03,1.22,52.13,0,0,2,0,7.67,8.41
32209,32209,golhgfdmwj,123,27.79,0.12,0.74,159.28,0,0,2.59,0,4.46,6.52
15327,15327,cpdgiaqlec,172,1.99,0.63,1.89,27.09,0,0,1.54,0,2.32,5.54
6646,6646,ugkocmovtm,112,19.17,1.84,0.98,0.6,0,0,0,1,4.86,2.07
9167,9167,hnxfznirbs,101,8.38,1.91,1.62,222.01,0,0,0,1,4.53,5.84
24198,24198,ltjnaslhun,183,23.2,1.53,0.98,170.41,0,0,0.77,0,3.67,63
15180,15180,rzitpjsiso,273,15.56,0.44,0.19,263.64,0,0,1.02,0,0.95,5.42
19378,19378,iswoianily,103,21.32,1.66,0.96,88.7,0,0,8.03,1,1.06,8.79
18627,18627,wtctnapdrf,152,11.53,1.33,0.02,283.81,0,0,4.93,0,0.47,7.33
12550,12550,oxkdbrfpue,144,18.08,1.04,1.63,270.95,0,0,2.28,0,2.61,7.38
34165,34165,asysovbexy,192,17.22,0.71,0.42,202.78,0,0,8.45,0,4.24,7.83
19004,19004,lobmhnagin,151,23.38,1.32,1.36,124.37,0,0,1.06,0,2.83,161
19036,19036,pfjuixtifa,116,7.28,0.59,1.48,71,0,0,2.62,0,1.95,5.46
27309,27309,znmxgimiva,283,29.02,0.66,1.72,142.45,0,0,2.25,0,2.53,126
19694,19694,tscelnvnpy,224,29.05,0.29,0.48,99.41,0,0,5.78,1,4.53,9.89
6146,6146,fgpbtwccsc,151,22.28,1.64,1.7,162.78,0,0,5.3,0,3.31,2.16
20461,20461,bjkeywnlrb,54,19.61,1.83,0.89,206.43,0,0,0,0,6.31,2.14
3398,3398,astqxngkyt,161,6.19,1.68,0.12,278.47,0,0,2.28,0,7.6,2.64
29682,29682,dbucdwdnwo,267,14.89,0.24,0.51,209.86,0,0,2.9,0,3.09,9.14
13158,13158,sxrsylgloc,169,13.1,1.2,1.26,288.85,0,0,2.3,0,3.05,7.12
27421,27421,asvyhxorjq,207,11.89,1.58,0.42,129.91,0,0,5.55,0,1.98,3.42
14394,14394,csplxxuuhm,156,19.7,0.27,0.67,299.26,0,0,2.48,0,3.03,167
31096,31096,apjpawtrlu,271,22.73,0.53,1.05,166.65,0,0,1.71,1,4.07,155
16733,16733,xhlqnqbzwf,277,28.65,0.13,1.7,48.02,0,0,9.59,0,2.22,2.54
76,76,ntqwxkgutk,160,4.84,0.04,0.46,134.69,0,0,4.76,0,0.47,63
30666,30666,qvdnslfogx,144,14.77,1.97,1.41,287.53,0,0,0.7,0,1.83,5.24
25931,25931,lztlegwsnh,153,20.53,1.26,0.1,202.81,0,0,6.69,0,2.69,5.54
10092,10092,akwxeplpzf,178,16.84,0.97,0.28,51,0,0,0.7,0,1.67,5.63
17155,17155,hdbbeezlco,21,25.13,1.49,1.17,211.91,0,0,1.92,0,4.32,6.18
18754,18754,gijgzoqlyz,170,0.15,0.47,0.23,285.99,0,0,0,0,4.88,107
15170,15170,bbituykdff,270,25.99,1.47,1.87,14.81,0,0,2.26,0,6.88,4.62
32001,32001,tutygivhbo,137,11.8,1.8,1.4,67.7,0,0,2.05,0,5.37,7.79
30427,30427,qqnnirozua,199,2.95,0.72,0.91,256.73,0,0,8.93,0,2.49,3.15
12771,12771,fjqnnmhzfo,173,5.36,1.19,1.34,159.65,0,0,2.07,0,1.32,7.37
27470,27470,czmsgamrib,257,19.62,0.94,1.43,72.75,0,0,0.72,0,5.51,4.67
26931,26931,nbkmescjdr,115,4,1.26,1.5,84.22,0,0,6.54,0,7.4,6.88
26308,26308,xarqtbfuct,25,9.09,0.06,1.07,260.2,0,0,2.75,0,2.98,60
23156,23156,dvrtvwylqq,98,25.9,0.29,0.83,19.76,0,0,9.85,1,7.63,126
8442,8442,yhpemickre,188,12.67,1.53,0.66,287.99,0,0,0,0,5.69,5.2
13279,13279,uibkjqgsfw,292,24.15,0.13,0.58,207.71,0,0,0.5,0,6.09,6.6
20042,20042,dxdmyfjnlz,79,25.38,1.43,1.33,118.68,0,0,2.35,1,0,9.31
16426,16426,yiolkklymn,217,26.41,1.37,1.07,113.3,0,0,2.34,0,0.87,6.44
21504,21504,abvmavltct,40,10.94,0.41,0.52,185.85,0,0,1.74,0,1.92,5.37
21908,21908,aglvopymub,18,22.32,1.93,0.2,252.43,0,0,1.01,0,0,2.69
19137,19137,jasiomnkwi,150,0.2,0.35,1.77,138.49,0,0,1.05,0,4.96,3.48
28955,28955,jbiqxoceso,265,0.35,0.55,0.16,258.89,0,0,0.74,0,1.69,8.12
33664,33664,uhoewdhkes,263,4.17,0.32,0.85,136.85,0,0,2.87,0,4.87,6.63
30780,30780,cfzxdsgwnx,127,10.8,1.87,0.34,64.49,0,0,0.7,0,4.09,4.24
25299,25299,rcvcdixrba,14,19.86,1.93,1.82,131.19,0,0,1.91,0,0,8.93
20196,20196,zngmbylmys,116,24.35,1.19,1.98,209.9,0,0,0,1,0.4,5.95
16748,16748,bxmwxgsrlc,183,13.97,1.67,1.83,190.6,0,0,1.93,0,1.94,6.3
32137,32137,naskpywaah,159,24.07,1.92,0.13,27.49,0,0,2.94,1,1.79,8.25
3044,3044,uibwmfdduu,291,24.03,1.82,1.52,78.84,0,0,1.78,0,6.27,7.39
4803,4803,ryswxkzlhw,253,15.21,1.52,1.46,115.97,0,0,1.24,1,4.42,8.82
1595,1595,bbqfoxczpt,7,26.49,0.21,0.56,74.88,0,0,1.41,1,5.18,6.75
20577,20577,nnnomxwadb,231,9.63,0.56,0.46,162.87,0,0,2.42,0,3.87,3.98
20025,20025,ohurqolkcc,70,25.8,1.81,1.69,263.96,0,0,1.32,0,3.36,2.82
34077,34077,uolovwlouz,73,9.43,0.88,1.98,276.53,0,0,1.04,0,1.15,4.13
23843,23843,qonlmevwcd,72,21.67,0.81,0.85,57.18,56.36,0,1.22,0,4.99,5.54
30497,30497,cxrozvackn,32,16.47,0.03,1.46,117.64,25.45,0,1.63,0,6.44,4.73
10990,10990,itfhglwcmh,244,0.01,0.65,0.09,96.39,0,0,1.23,0,2.24,4.81
25144,25144,xxktugeyuw,239,0.07,1.71,1.57,288.63,0,0,1.25,0,1.39,7.59
31154,31154,zldcprsach,213,24.66,1.43,0.97,266.91,0,0,2.72,0,0,6.96
11238,11238,bzxihcobsa,279,10.42,0.45,0.41,296.83,0,0,2.11,0,5.87,9.21
2701,2701,vlcyngpgbh,201,16.6,1.43,1.14,290.45,0,0,7.01,0,5.8,113
24736,24736,izdnudtxmd,100,24.33,1.14,1.1,207.79,0,0,4.11,0,0.53,8.12
8224,8224,bgdbdjinwv,281,22.59,1.72,1.87,203.71,0,0,1.38,0,1.2,5.95
12567,12567,hikdbavjch,275,18.82,0.94,0.81,98.65,0,0,8.97,1,0.47,6.17
689,689,uyitoertwq,345,11.25,0.78,0.69,204.89,0,0,3.21,0,3.33,8.95
